smiles_1,smiles_2,local_1,local_2,global_1,global_2,global_3,global_4,global_5,global_6,value
*COC(=O)OC*,*CCO*,95.2,4.8,O=S(=O)([N-]S(=O)(=O)C(F)(F)F)C(F)(F)F,0.07,37,-3,0,1,-5.72
*COC(=O)OC*,*CCO*,95.2,4.8,O=S(=O)([N-]S(=O)(=O)C(F)(F)F)C(F)(F)F,0.2,37,-20,0,1,-5.19
*COC(=O)OC*,*CCO*,95.2,4.8,O=S(=O)([N-]S(=O)(=O)C(F)(F)F)C(F)(F)F,0.45,37,-33,0,1,-4.81
*COC(=O)OC*,*CCO*,95.2,4.8,O=S(=O)([N-]S(=O)(=O)C(F)(F)F)C(F)(F)F,1.2,37,-62,0,1,-4.25
*COC(=O)OC*,*CCO*,95.2,4.8,O=S(=O)([N-]S(=O)(=O)C(F)(F)C(F)(F)F)C(F)(F)C(F)(F)F,0.06,37,-14,0,1,-5.56
*COC(=O)OC*,*CCO*,95.2,4.8,O=S(=O)([N-]S(=O)(=O)C(F)(F)C(F)(F)F)C(F)(F)C(F)(F)F,0.15,37,-20,0,1,-5.33
*COC(=O)OC*,*CCO*,95.2,4.8,O=S(=O)([N-]S(=O)(=O)C(F)(F)C(F)(F)F)C(F)(F)C(F)(F)F,0.33,37,-33,0,1,-5.23
*COC(=O)OC*,*CCO*,95.2,4.8,O=S(=O)([N-]S(=O)(=O)C(F)(F)C(F)(F)F)C(F)(F)C(F)(F)F,0.89,37,-39,0,1,-4.88
*COC(=O)OC*,*CCO*,95.2,4.8,F[B-](F)(F)F,0.17,37,-23,0,1,-6.51
*COC(=O)OC*,*CCO*,95.2,4.8,F[B-](F)(F)F,0.36,37,-29,0,1,-5.24
*COC(=O)OC*,*CCO*,95.2,4.8,F[B-](F)(F)F,0.54,37,-47,0,1,-5.08
*COC(=O)OC*,*CCO*,95.2,4.8,F[B-](F)(F)F,0.73,37,-69,0,1,-4.34
*COC(=O)OC*,*CCO*,95.2,4.8,[O-][Cl+3]([O-])([O-])[O-],0.2,37,-8,0,1,-5.3
*COC(=O)OC*,*CCO*,95.2,4.8,[O-][Cl+3]([O-])([O-])[O-],0.54,37,-28,0,1,-5.1
*COC(=O)OC*,*CCO*,95.2,4.8,[O-][Cl+3]([O-])([O-])[O-],1.21,37,-1,0,1,-5.64
*COC(=O)OC*,*CCO*,95.2,4.8,[O-][Cl+3]([O-])([O-])[O-],3.23,37,2,0,1,-6.57
*COC(=O)OC*,*CCO*,95.2,4.8,O=S(=O)([O-])C(F)(F)F,0.14,37,-7,0,1,-5.8
*COC(=O)OC*,*CCO*,95.2,4.8,O=S(=O)([O-])C(F)(F)F,0.37,37,-16,0,1,-5.2
*COC(=O)OC*,*CCO*,95.2,4.8,O=S(=O)([O-])C(F)(F)F,0.83,37,-7,0,1,-6.7
*COC(=O)OC(*)COCCCC,*COC(=O)OC(*)COCCCC,100,0,O=S(=O)([N-]S(=O)(=O)C(F)(F)F)C(F)(F)F,0.1,20.9,-24,0,1,-4.038483989
*COC(=O)OC*,*COC(=O)OC*,100,0,O=S(=O)([N-]S(=O)(=O)C(F)(F)F)C(F)(F)F,0.2,50,34,0,1,-3.73196055
*COC(=O)OC*,*COC(=O)OC*,100,0,O=S(=O)([N-]S(=O)(=O)C(F)(F)F)C(F)(F)F,0.4,50,31,0,1,-3.73196055
*COC(=O)OC*,*COC(=O)OC*,100,0,O=S(=O)([N-]S(=O)(=O)C(F)(F)F)C(F)(F)F,0.6,50,29,0,1,-3.115244274
*COC(=O)OC*,*COC(=O)OC*,100,0,O=S(=O)([N-]S(=O)(=O)C(F)(F)F)C(F)(F)F,0.8,50,25,0,1,-2.757906016
*CC(*)C#N,*CC(*)C(=O)OCCCC,67,33,O=S(=O)([N-]S(=O)(=O)C(F)(F)F)C(F)(F)F,1.2,65,-22,0,1,-4.6409
*CC[Si](C)(C*)CCC1COC(=O)O1,*CC[Si](C)(C*)CCC1COC(=O)O1,100,0,O=S(=O)([N-]S(=O)(=O)C(F)(F)F)C(F)(F)F,0.1,17.3,-20,0,1,-5.946921557
*CC[Si](C)(C*)CCC1COC(=O)O1,*CC[Si](C)(C*)CCC1COC(=O)O1,100,0,O=S(=O)([N-]S(=O)(=O)C(F)(F)F)C(F)(F)F,0.25,17.3,-20,0,1,-5.37675071
*CC[Si](C)(C*)CCC1COC(=O)O1,*CC[Si](C)(C*)CCC1COC(=O)O1,100,0,O=S(=O)([N-]S(=O)(=O)C(F)(F)F)C(F)(F)F,0.5,17.3,-20,0,1,-4.246416941
*CC[Si](C)(C*)CCC1COC(=O)O1,*CC[Si](C)(C*)CCC1COC(=O)O1,100,0,O=S(=O)([N-]S(=O)(=O)C(F)(F)F)C(F)(F)F,1,17.3,-20,0,1,-4.033389013
*CC[Si](C)(C*)CCC1COC(=O)O1,*CC[Si](C)(C*)CCC1COC(=O)O1,100,0,O=S(=O)([N-]S(=O)(=O)C(F)(F)F)C(F)(F)F,2,17.3,-20,0,1,-3.675717545
*CC[Si](C)(C*)CCC1COC(=O)O1,*CC[Si](C)(C*)CCC1COC(=O)O1,100,0,O=S(=O)([N-]S(=O)(=O)C(F)(F)F)C(F)(F)F,4,17.3,-15,0,1,-3.68613278
*CC[Si](C)(C*)CCC1COC(=O)O1,*CC[Si](C)(C*)CCC1COC(=O)O1,100,0,O=S(=O)([O-])C(F)(F)F,0.1,17.3,-15,0,1,-6.136082623
*CC[Si](C)(C*)CCC1COC(=O)O1,*CC[Si](C)(C*)CCC1COC(=O)O1,100,0,O=S(=O)([O-])C(F)(F)F,0.3,17.3,-15,0,1,-6.136082623
*CC[Si](C)(C*)CCC1COC(=O)O1,*CC[Si](C)(C*)CCC1COC(=O)O1,100,0,O=S(=O)([O-])C(F)(F)F,0.5,17.3,-20,0,1,-6.449771647
*CC[Si](C)(C*)CCC1COC(=O)O1,*CC[Si](C)(C*)CCC1COC(=O)O1,100,0,O=S(=O)([O-])C(F)(F)F,0.7,17.3,-15,0,1,-6.504455662
*CC[Si](C)(C*)CCC1COC(=O)O1,*CC[Si](C)(C*)CCC1COC(=O)O1,100,0,O=S(=O)([O-])C(F)(F)F,1,17.3,-25,0,1,-6.982966661
*CC[Si](C)(C*)CCC1COC(=O)O1,*CC[Si](C)(C*)CCC1COC(=O)O1,100,0,O=S(=O)([O-])C(F)(F)F,2,17.3,-15,0,1,-7.159266765
*CC[Si](C*)(CCC1COC(=O)O1)CCC1COC(=O)O1,*CC[Si](C*)(CCC1COC(=O)O1)CCC1COC(=O)O1,100,0,O=S(=O)([N-]S(=O)(=O)C(F)(F)F)C(F)(F)F,0.25,90.6,-10,0,1,-6.54668166
*CC[Si](C*)(CCC1COC(=O)O1)CCC1COC(=O)O1,*CC[Si](C*)(CCC1COC(=O)O1)CCC1COC(=O)O1,100,0,O=S(=O)([N-]S(=O)(=O)C(F)(F)F)C(F)(F)F,0.5,90.6,0,0,1,-5.501689446
*CC[Si](C*)(CCC1COC(=O)O1)CCC1COC(=O)O1,*CC[Si](C*)(CCC1COC(=O)O1)CCC1COC(=O)O1,100,0,O=S(=O)([N-]S(=O)(=O)C(F)(F)F)C(F)(F)F,1,90.6,-5,0,1,-4.567030709
*CC[Si](C*)(CCC1COC(=O)O1)CCC1COC(=O)O1,*CC[Si](C*)(CCC1COC(=O)O1)CCC1COC(=O)O1,100,0,O=S(=O)([N-]S(=O)(=O)C(F)(F)F)C(F)(F)F,2,90.6,-20,0,1,-3.617982957
*CC[Si](C*)(CCC1COC(=O)O1)CCC1COC(=O)O1,*CC[Si](C*)(CCC1COC(=O)O1)CCC1COC(=O)O1,100,0,O=S(=O)([N-]S(=O)(=O)C(F)(F)F)C(F)(F)F,4,90.6,-25,0,1,-3.269217724
*CC[Si](C*)(CCC1COC(=O)O1)CCC1COC(=O)O1,*CC[Si](C*)(CCC1COC(=O)O1)CCC1COC(=O)O1,100,0,O=S(=O)([O-])C(F)(F)F,0.1,90.6,-10,0,1,-6.302770657
*CC[Si](C*)(CCC1COC(=O)O1)CCC1COC(=O)O1,*CC[Si](C*)(CCC1COC(=O)O1)CCC1COC(=O)O1,100,0,O=S(=O)([O-])C(F)(F)F,0.3,90.6,0,0,1,-5.100179498
*CC[Si](C*)(CCC1COC(=O)O1)CCC1COC(=O)O1,*CC[Si](C*)(CCC1COC(=O)O1)CCC1COC(=O)O1,100,0,O=S(=O)([O-])C(F)(F)F,0.4,90.6,-5,0,1,-4.954677021
*CC[Si](C*)(CCC1COC(=O)O1)CCC1COC(=O)O1,*CC[Si](C*)(CCC1COC(=O)O1)CCC1COC(=O)O1,100,0,O=S(=O)([O-])C(F)(F)F,0.7,90.6,-5,0,1,-4.924453039
*CC[Si](C*)(CCC1COC(=O)O1)CCC1COC(=O)O1,*CC[Si](C*)(CCC1COC(=O)O1)CCC1COC(=O)O1,100,0,O=S(=O)([O-])C(F)(F)F,1,90.6,-5,0,1,-5.804100348
*CC[Si](C*)(CCC1COC(=O)O1)CCC1COC(=O)O1,*CC[Si](C*)(CCC1COC(=O)O1)CCC1COC(=O)O1,100,0,O=S(=O)([O-])C(F)(F)F,2,90.6,-5,0,1,-6.013676223
*CCCCC(=O)OC*,*CCOC(=O)OC*,80,20,O=S(=O)([N-]S(=O)(=O)C(F)(F)F)C(F)(F)F,0.1,257,-50,0,1,-3.982966661
*CCCCC(=O)OC*,*CCOC(=O)OC*,80,20,O=S(=O)([N-]S(=O)(=O)C(F)(F)F)C(F)(F)F,0.15,257,-40,0,1,-3.55129368
*CCCCC(=O)OC*,*CCOC(=O)OC*,80,20,O=S(=O)([N-]S(=O)(=O)C(F)(F)F)C(F)(F)F,0.22,257,-36,0,1,-3.488116639
*CCCCC(=O)OC*,*CCOC(=O)OC*,80,20,O=S(=O)([N-]S(=O)(=O)C(F)(F)F)C(F)(F)F,0.31,257,-38,0,1,-4.022276395
*COC(=O)CC(=O)OC*,*COC(=O)CC(=O)OC*,100,0,O=S(=O)([O-])C(F)(F)F,0.03,2.3,-13,0,1,-4.799718968
*COC(=O)CC(=O)OC*,*COC(=O)CC(=O)OC*,100,0,O=S(=O)([O-])C(F)(F)F,0.06,2.3,-8,0,1,-4.63172428
*COC(=O)CC(=O)OC*,*COC(=O)CC(=O)OC*,100,0,O=S(=O)([O-])C(F)(F)F,0.12,2.3,-5,0,1,-4.788887845
*COC(=O)CC(=O)OC*,*COC(=O)CC(=O)OC*,100,0,O=S(=O)([O-])C(F)(F)F,0.25,2.3,-3,0,1,-4.976589913
*COC(=O)CC(=O)OC*,*COC(=O)CC(=O)OC*,100,0,O=S(=O)([O-])C(F)(F)F,0.5,2.3,16,0,1,-5.572467833
*COC(=O)CCCCC(=O)OC*,*COC(=O)CCCCC(=O)OC*,100,0,[O-][Cl+3]([O-])([O-])[O-],0.01,10,-41,0,1,-5.047609011
*COC(=O)CCCCC(=O)OC*,*COC(=O)CCCCC(=O)OC*,100,0,[O-][Cl+3]([O-])([O-])[O-],0.03,10,-38,0,1,-4.117827621
*COC(=O)CCCCC(=O)OC*,*COC(=O)CCCCC(=O)OC*,100,0,[O-][Cl+3]([O-])([O-])[O-],0.04,10,-33,0,1,-3.705147886
*COC(=O)CCCCC(=O)OC*,*COC(=O)CCCCC(=O)OC*,100,0,[O-][Cl+3]([O-])([O-])[O-],0.09,10,-28,0,1,-3.560201203
*COC(=O)CCCCC(=O)OC*,*COC(=O)CCCCC(=O)OC*,100,0,[O-][Cl+3]([O-])([O-])[O-],0.15,10,-18,0,1,-3.599487034
*COC(=O)CCCCC(=O)OC*,*COC(=O)CCCCC(=O)OC*,100,0,[O-][Cl+3]([O-])([O-])[O-],0.21,10,-7,0,1,-3.821328683
*COC(=O)CCCCC(=O)OC*,*COC(=O)CCCCC(=O)OC*,100,0,[O-][Cl+3]([O-])([O-])[O-],0.35,10,-8,0,1,-4.451206782
*CCCOC(=O)CCCCC(=O)OC*,*CCCOC(=O)CCCCC(=O)OC*,100,0,[O-][Cl+3]([O-])([O-])[O-],0.03,12,-49,0,1,-4.0730617
*CCCOC(=O)CCCCC(=O)OC*,*CCCOC(=O)CCCCC(=O)OC*,100,0,[O-][Cl+3]([O-])([O-])[O-],0.05,12,-46,0,1,-3.668629327
*CCCOC(=O)CCCCC(=O)OC*,*CCCOC(=O)CCCCC(=O)OC*,100,0,[O-][Cl+3]([O-])([O-])[O-],0.11,12,-42,0,1,-3.42999049
*CCCOC(=O)CCCCC(=O)OC*,*CCCOC(=O)CCCCC(=O)OC*,100,0,[O-][Cl+3]([O-])([O-])[O-],0.24,12,-32,0,1,-3.69654523
*CCCCCOC(=O)CCCCC(=O)OC*,*CCCCCOC(=O)CCCCC(=O)OC*,100,0,[O-][Cl+3]([O-])([O-])[O-],0.03,3.8,-54,0,1,-4.193455555
*CCCCCOC(=O)CCCCC(=O)OC*,*CCCCCOC(=O)CCCCC(=O)OC*,100,0,[O-][Cl+3]([O-])([O-])[O-],0.06,3.8,-49,0,1,-3.762938561
*CCCCCOC(=O)CCCCC(=O)OC*,*CCCCCOC(=O)CCCCC(=O)OC*,100,0,[O-][Cl+3]([O-])([O-])[O-],0.12,3.8,-42,0,1,-3.462945651
*CCCCCOC(=O)CCCCC(=O)OC*,*CCCCCOC(=O)CCCCC(=O)OC*,100,0,[O-][Cl+3]([O-])([O-])[O-],0.27,3.8,-37,0,1,-3.502306134
*CCCCC(=O)OC*,*CCCCC(=O)OC*,100,0,[O-][Cl+3]([O-])([O-])[O-],0.03,65,-55,0,1,-4.607458953
*CCCCC(=O)OC*,*CCCCC(=O)OC*,100,0,[O-][Cl+3]([O-])([O-])[O-],0.06,65,-50,0,1,-3.954548137
*CCCCC(=O)OC*,*CCCCC(=O)OC*,100,0,[O-][Cl+3]([O-])([O-])[O-],0.12,65,-46,0,1,-3.570107735
*CCCCC(=O)OC*,*CCCCC(=O)OC*,100,0,[O-][Cl+3]([O-])([O-])[O-],0.27,65,-28,0,1,-3.926513004
*COC(=O)CCCC(=O)OC(*)C,*COC(=O)CCCC(=O)OC(*)C,100,0,O=S(=O)([N-]S(=O)(=O)C(F)(F)F)C(F)(F)F,0.01,8.8,-25,0,1,-5.588780008
*COC(=O)CCCC(=O)OC(*)C,*COC(=O)CCCC(=O)OC(*)C,100,0,O=S(=O)([N-]S(=O)(=O)C(F)(F)F)C(F)(F)F,0.04,8.8,-21,0,1,-4.755114516
*COC(=O)CCCC(=O)OC(*)C,*COC(=O)CCCC(=O)OC(*)C,100,0,O=S(=O)([N-]S(=O)(=O)C(F)(F)F)C(F)(F)F,0.06,8.8,-19,0,1,-4.62904256
*COC(=O)CCCC(=O)OC(*)C,*COC(=O)CCCC(=O)OC(*)C,100,0,O=S(=O)([N-]S(=O)(=O)C(F)(F)F)C(F)(F)F,0.08,8.8,-16,0,1,-4.66122281
*COC(=O)CCCC(=O)OC(*)C,*COC(=O)CCCC(=O)OC(*)C,100,0,O=S(=O)([N-]S(=O)(=O)C(F)(F)F)C(F)(F)F,0.1,8.8,-12,0,1,-4.785257582
*COC(=O)CCCC(=O)OC(*)C,*COC(=O)CCCC(=O)OC(*)C,100,0,O=S(=O)([N-]S(=O)(=O)C(F)(F)F)C(F)(F)F,0.14,8.8,-9,0,1,-4.813752317
*COC(=O)COCC(=O)OC(*)C,*COC(=O)COCC(=O)OC(*)C,100,0,O=S(=O)([N-]S(=O)(=O)C(F)(F)F)C(F)(F)F,0.01,6.7,14,0,1,-6.539097932
*COC(=O)COCC(=O)OC(*)C,*COC(=O)COCC(=O)OC(*)C,100,0,O=S(=O)([N-]S(=O)(=O)C(F)(F)F)C(F)(F)F,0.03,6.7,18,0,1,-6.38075676
*COC(=O)COCC(=O)OC(*)C,*COC(=O)COCC(=O)OC(*)C,100,0,O=S(=O)([N-]S(=O)(=O)C(F)(F)F)C(F)(F)F,0.04,6.7,19,0,1,-5.951441712
*COC(=O)COCC(=O)OC(*)C,*COC(=O)COCC(=O)OC(*)C,100,0,O=S(=O)([N-]S(=O)(=O)C(F)(F)F)C(F)(F)F,0.05,6.7,22,0,1,-5.891551102
*COC(=O)COCC(=O)OC(*)C,*COC(=O)COCC(=O)OC(*)C,100,0,O=S(=O)([N-]S(=O)(=O)C(F)(F)F)C(F)(F)F,0.07,6.7,26,0,1,-5.909080719
*COC(=O)COCC(=O)OC(*)C,*COC(=O)COCC(=O)OC(*)C,100,0,O=S(=O)([N-]S(=O)(=O)C(F)(F)F)C(F)(F)F,0.09,6.7,31,0,1,-6.534425323
*COC(=O)CCCC(=O)OC(*)COCC=C,*COC(=O)CCCC(=O)OC(*)COCC=C,100,0,O=S(=O)([N-]S(=O)(=O)C(F)(F)F)C(F)(F)F,0.01,10.4,-40,1,0,-5.151567228
*COC(=O)CCCC(=O)OC(*)COCC=C,*COC(=O)CCCC(=O)OC(*)COCC=C,100,0,O=S(=O)([N-]S(=O)(=O)C(F)(F)F)C(F)(F)F,0.03,10.4,-35,1,0,-4.810132698
*COC(=O)CCCC(=O)OC(*)COCC=C,*COC(=O)CCCC(=O)OC(*)COCC=C,100,0,O=S(=O)([N-]S(=O)(=O)C(F)(F)F)C(F)(F)F,0.04,10.4,-34,1,0,-4.67520887
*COC(=O)CCCC(=O)OC(*)COCC=C,*COC(=O)CCCC(=O)OC(*)COCC=C,100,0,O=S(=O)([N-]S(=O)(=O)C(F)(F)F)C(F)(F)F,0.05,10.4,-30,1,0,-4.507251708
*COC(=O)CCCC(=O)OC(*)COCC=C,*COC(=O)CCCC(=O)OC(*)COCC=C,100,0,O=S(=O)([N-]S(=O)(=O)C(F)(F)F)C(F)(F)F,0.07,10.4,-26,1,0,-4.484513804
*COC(=O)CCCC(=O)OC(*)COCC=C,*COC(=O)CCCC(=O)OC(*)COCC=C,100,0,O=S(=O)([N-]S(=O)(=O)C(F)(F)F)C(F)(F)F,0.09,10.4,-23,1,0,-4.610508632
*COC(=O)COCC(=O)OC(*)COCC=C,*COC(=O)COCC(=O)OC(*)COCC=C,100,0,O=S(=O)([N-]S(=O)(=O)C(F)(F)F)C(F)(F)F,0,8.9,-13,1,0,-5.256906424
*COC(=O)COCC(=O)OC(*)COCC=C,*COC(=O)COCC(=O)OC(*)COCC=C,100,0,O=S(=O)([N-]S(=O)(=O)C(F)(F)F)C(F)(F)F,0.02,8.9,-9,1,0,-4.895870094
*COC(=O)COCC(=O)OC(*)COCC=C,*COC(=O)COCC(=O)OC(*)COCC=C,100,0,O=S(=O)([N-]S(=O)(=O)C(F)(F)F)C(F)(F)F,0.03,8.9,-6,1,0,-4.821788801
*COC(=O)COCC(=O)OC(*)COCC=C,*COC(=O)COCC(=O)OC(*)COCC=C,100,0,O=S(=O)([N-]S(=O)(=O)C(F)(F)F)C(F)(F)F,0.04,8.9,-3,1,0,-4.688594864
*COC(=O)COCC(=O)OC(*)COCC=C,*COC(=O)COCC(=O)OC(*)COCC=C,100,0,O=S(=O)([N-]S(=O)(=O)C(F)(F)F)C(F)(F)F,0.05,8.9,0,1,0,-4.599761809
*COC(=O)COCC(=O)OC(*)COCC=C,*COC(=O)COCC(=O)OC(*)COCC=C,100,0,O=S(=O)([N-]S(=O)(=O)C(F)(F)F)C(F)(F)F,0.07,8.9,4,1,0,-4.948854422
*COC(=O)CCC(=O)OC*,*COC(=O)CCC(=O)OC*,100,0,N#C[S-],0.04,23.4,-3,0,1,-7.693177742
*COC(=O)CCCCCCCCC(=O)OC*,*COC(=O)CCCCCCCCC(=O)OC*,100,0,N#C[S-],0.04,33,-37,0,1,-7.384470596
*C1C(*)N(C(C)=O)C(=O)N1C(C)=O,*C1C(*)N(C(C)=O)C(=O)N1C(C)=O,100,0,O=S(=O)([N-]S(=O)(=O)C(F)(F)F)C(F)(F)F,1,47,24,0,1,-5.658
*C1C(*)N(C(C)=O)C(=O)N1C(C)=O,*C1C(*)N(C(C)=O)C(=O)N1C(C)=O,100,0,O=S(=O)([N-]S(=O)(=O)C(F)(F)F)C(F)(F)F,0.67,47,35,0,1,-5.683
*C1C(*)N(C(C)=O)C(=O)N1C(C)=O,*C1C(*)N(C(C)=O)C(=O)N1C(C)=O,100,0,O=S(=O)([N-]S(=O)(=O)C(F)(F)F)C(F)(F)F,0.33,47,32,0,1,-4.59
*C1C(*)N(C(C)=O)C(=O)N1C(C)=O,*C1C(*)N(C(C)=O)C(=O)N1C(C)=O,100,0,O=S(=O)([N-]S(=O)(=O)C(F)(F)F)C(F)(F)F,0.11,47,39,0,1,-7.344
*CC(*)(C)C#N,*CC(*)(C)C#N,100,0,O=S(=O)([N-]S(=O)(=O)C(F)(F)F)C(F)(F)F,0.5,170,80,0,1,-5.182529456
*CC(*)(C)C#N,*CC(*)(C)C#N,100,0,O=S(=O)([N-]S(=O)(=O)C(F)(F)F)C(F)(F)F,0.33,170,80,0,1,-6.728347089
*CC(*)(C)C#N,*CC(*)(C)C#N,100,0,O=S(=O)([N-]S(=O)(=O)C(F)(F)F)C(F)(F)F,0.17,170,80,0,1,-6.690203809
*CC(*)(C)C#N,*CC(*)(C)C#N,100,0,O=S(=O)([N-]S(=O)(=O)C(F)(F)F)C(F)(F)F,0.12,170,80,0,1,-6.242537778
*CC(*)(C)C#N,*CC(*)(C)C#N,100,0,O=S(=O)([N-]S(=O)(=O)C(F)(F)F)C(F)(F)F,0.08,170,80,0,1,-6.735953645
*CC(*)(C)C#N,*CC(*)(C)C#N,100,0,O=S(=O)([N-]S(=O)(=O)C(F)(F)F)C(F)(F)F,0.06,170,80,0,1,-6.997216472
*CN(C*)CCC#N,*CN(C*)CCC#N,100,0,O=S(=O)([O-])C(F)(F)F,0.1,190,-36,0,1,-4.830599842
*CC(*)O,*CC(*)OC(C)=O,98,2,O=S(=O)([N-]S(=O)(=O)C(F)(F)F)C(F)(F)F,0.25,125000,58,0,1,-6.403909826
*CC(*)O,*CC(*)OC(C)=O,98,2,O=S(=O)([O-])C(F)(F)F,0.25,125000,67,0,1,-7.23847389
*CC(*)O,*CC(*)OC(C)=O,98,2,[O-][Cl+3]([O-])([O-])[O-],0.25,125000,41,0,1,-7.459811029
*CC(*)O,*CC(*)OC(C)=O,98,2,O=S(=O)([N-]S(=O)(=O)C(F)(F)F)C(F)(F)F,0.25,125000,59,0,1,-7.116898221
*CNC*,*CNC*,100,0,O=S(=O)([O-])C(F)(F)F,0.07,122664,-17,0,1,-5.541342791
*CNC*,*CNC*,100,0,O=S(=O)([O-])C(F)(F)F,0.1,122664,-10,0,1,-6.003892002
*CNC*,*CNC*,100,0,[O-][Cl+3]([O-])([O-])[O-],0.07,122664,-15,0,1,-5.633429112
*CNC*,*CNC*,100,0,[O-][Cl+3]([O-])([O-])[O-],0.1,122664,0,0,1,-6.379373023
*CN(C)C*,*CN(C)C*,100,0,O=S(=O)([O-])C(F)(F)F,0.06,162707,-42,0,1,-6.017038874
*CN(C)C*,*CN(C)C*,100,0,O=S(=O)([O-])C(F)(F)F,0.1,162707,-33,0,1,-5.971895376
*CN(C)C*,*CN(C)C*,100,0,O=S(=O)([O-])C(F)(F)F,0.17,162707,4,0,1,-7.030151148
*CN(C)C*,*CN(C)C*,100,0,[O-][Cl+3]([O-])([O-])[O-],0.07,162707,-53,0,1,-6.497145169
*CN(C)C*,*CN(C)C*,100,0,[O-][Cl+3]([O-])([O-])[O-],0.1,162707,-20,0,1,-7.591916938
*CN(C)C*,*CN(C)C*,100,0,O=S(=O)([O-])C(F)(F)F,0.04,50,-36,1,0,-4.872981847
*CN(C)C*,*CN(C)C*,100,0,O=S(=O)([O-])C(F)(F)F,0.05,50,-31,1,0,-4.470348068
*CN(C)C*,*CN(C)C*,100,0,O=S(=O)([O-])C(F)(F)F,0.06,50,-30,1,0,-4.55151118
*CN(C)C*,*CN(C)C*,100,0,O=S(=O)([O-])C(F)(F)F,0.07,50,-24,1,0,-5.082716375
*CN(C)C*,*CN(C)C*,100,0,O=S(=O)([O-])C(F)(F)F,0.12,50,-5,1,0,-6.028903531
*CN(C)C*,*CN(C)C*,100,0,O=S(=O)([N-]S(=O)(=O)C(F)(F)F)C(F)(F)F,0,10,-61,1,0,-4.971466005
*CN(C)C*,*CN(C)C*,100,0,O=S(=O)([N-]S(=O)(=O)C(F)(F)F)C(F)(F)F,0,10,-61,1,0,-4.885211587
*CN(C)C*,*CN(C)C*,100,0,O=S(=O)([N-]S(=O)(=O)C(F)(F)F)C(F)(F)F,0.01,10,-63,1,0,-4.513827281
*CN(C)C*,*CN(C)C*,100,0,O=S(=O)([N-]S(=O)(=O)C(F)(F)F)C(F)(F)F,0.02,10,-61,1,0,-4.378016645
*CN(C)C*,*CN(C)C*,100,0,O=S(=O)([N-]S(=O)(=O)C(F)(F)F)C(F)(F)F,0.05,10,-52,1,0,-4.3904622
*CN(C)C*,*CN(C)C*,100,0,O=S(=O)([N-]S(=O)(=O)C(F)(F)F)C(F)(F)F,0.1,10,-45,1,0,-5.060487918
*Cc1c(C)c(C)c(COCP(=S)(CO*)Cc2ccccc2)c(C)c1C,*Cc1c(C)c(C)c(COCP(=S)(CO*)Cc2ccccc2)c(C)c1C,100,0,O=S(=O)([N-]S(=O)(=O)C(F)(F)F)C(F)(F)F,0.14,9.6,156,0,1,-5.430717876
*Cc1c(C)c(C)c(COCP(=S)(CO*)Cc2ccccc2)c(C)c1C,*Cc1c(C)c(C)c(COCP(=S)(CO*)Cc2ccccc2)c(C)c1C,100,0,O=S(=O)([N-]S(=O)(=O)C(F)(F)F)C(F)(F)F,0.32,9.6,167,0,1,-5.455759599
*Cc1c(C)c(C)c(COCP(=S)(CO*)Cc2ccccc2)c(C)c1C,*Cc1c(C)c(C)c(COCP(=S)(CO*)Cc2ccccc2)c(C)c1C,100,0,O=S(=O)([N-]S(=O)(=O)C(F)(F)F)C(F)(F)F,0.56,9.6,171,0,1,-4.838063439
*Cc1c(C)c(C)c(COCP(=S)(CO*)Cc2ccccc2)c(C)c1C,*Cc1c(C)c(C)c(COCP(=S)(CO*)Cc2ccccc2)c(C)c1C,100,0,O=S(=O)([N-]S(=O)(=O)C(F)(F)F)C(F)(F)F,0.83,9.6,193,0,1,-2.475792988
*Cc1c(C)c(C)c(COCP(=S)(CO*)Cc2ccccc2)c(C)c1C,*Cc1c(C)c(C)c(COCP(=S)(CO*)Cc2ccccc2)c(C)c1C,100,0,O=S(=O)([N-]S(=O)(=O)C(F)(F)F)C(F)(F)F,0.14,2.1,150,0,1,-7.033898305
*Cc1c(C)c(C)c(COCP(=S)(CO*)Cc2ccccc2)c(C)c1C,*Cc1c(C)c(C)c(COCP(=S)(CO*)Cc2ccccc2)c(C)c1C,100,0,O=S(=O)([N-]S(=O)(=O)C(F)(F)F)C(F)(F)F,0.32,2.1,155,0,1,-5.55932
*Cc1c(C)c(C)c(COCP(=S)(CO*)Cc2ccccc2)c(C)c1C,*Cc1c(C)c(C)c(COCP(=S)(CO*)Cc2ccccc2)c(C)c1C,100,0,O=S(=O)([N-]S(=O)(=O)C(F)(F)F)C(F)(F)F,0.56,2.1,207,0,1,-4.9661
*Cc1c(C)c(C)c(COCP(=S)(CO*)Cc2ccccc2)c(C)c1C,*Cc1c(C)c(C)c(COCP(=S)(CO*)Cc2ccccc2)c(C)c1C,100,0,O=S(=O)([N-]S(=O)(=O)C(F)(F)F)C(F)(F)F,0.83,2.1,210,0,1,-4.20339
*CC(*)c1ccc(NC(=O)Cc2c(OC)cccc2OC)cc1,*CC(*)c1ccc(NC(=O)Cc2c(OC)cccc2OC)cc1,100,0,O=S(=O)([N-]S(=O)(=O)C(F)(F)F)C(F)(F)F,0.67,390,164,1,0,-4.26760624
*COC(*)COCCCSCCCC(=O)NCCn1ccnc1,*CCO*,17,83,O=S(=O)([N-]S(=O)(=O)C(F)(F)F)C(F)(F)F,0.01,41204.3,-32,1,0,-5.15563935
*COC(*)COCCCSCCCC(=O)NCCn1ccnc1,*CCO*,17,83,O=S(=O)([N-]S(=O)(=O)C(F)(F)F)C(F)(F)F,0.01,41204.3,-33,1,0,-5.206566454
*COC(*)COCCCSCCCC(=O)NCCn1ccnc1,*COC(*)COCCCSCCCC(=O)NCCn1ccnc1,100,0,O=S(=O)([N-]S(=O)(=O)C(F)(F)F)C(F)(F)F,0.01,25610.2,-11,1,0,-5.900290018
*COC(*)COCCCSCCCC(=O)NCCn1ccnc1,*COC(*)COCCCSCCCC(=O)NCCn1ccnc1,100,0,O=S(=O)([N-]S(=O)(=O)C(F)(F)F)C(F)(F)F,0.02,25610.2,-4,1,0,-6.033489785
*COC(*)COCCCSCCCC(=O)NCCn1ccnc1,*COC(*)COCCCSCCCC(=O)NCCn1ccnc1,100,0,O=S(=O)([N-]S(=O)(=O)C(F)(F)F)C(F)(F)F,0.03,25610.2,-1,1,0,-6.091671913
*CC(*)CCSCCCC(=O)NCCn1ccnc1,*CC(*)CCSCCCC(=O)NCCn1ccnc1,100,0,O=S(=O)([N-]S(=O)(=O)C(F)(F)F)C(F)(F)F,0.01,56286,11,1,0,-7.385200563
*CC(*)CCSCCCC(=O)NCCn1ccnc1,*CC(*)CCSCCCC(=O)NCCn1ccnc1,100,0,O=S(=O)([N-]S(=O)(=O)C(F)(F)F)C(F)(F)F,0.04,56286,24,1,0,-7.763101501
*CC(*)CCSCCCC(=O)NCCn1ccnc1,*CC(*)CCSCCCC(=O)NCCn1ccnc1,100,0,O=S(=O)([N-]S(=O)(=O)C(F)(F)F)C(F)(F)F,0.06,56286,39,1,0,-9.001342017
*O[Si](*)(C)CCSCCCC(=O)NCCn1ccnc1,*O[Si](*)(C)CCSCCCC(=O)NCCn1ccnc1,100,0,O=S(=O)([N-]S(=O)(=O)C(F)(F)F)C(F)(F)F,0.01,110943.6,-6,1,0,-6.446174023
*O[Si](*)(C)CCSCCCC(=O)NCCn1ccnc1,*O[Si](*)(C)CCSCCCC(=O)NCCn1ccnc1,100,0,O=S(=O)([N-]S(=O)(=O)C(F)(F)F)C(F)(F)F,0.04,110943.6,-3,1,0,-6.35849502
*O[Si](*)(C)CCSCCCC(=O)NCCn1ccnc1,*O[Si](*)(C)CCSCCCC(=O)NCCn1ccnc1,100,0,O=S(=O)([N-]S(=O)(=O)C(F)(F)F)C(F)(F)F,0.06,110943.6,0,1,0,-6.332222661
*O[Si](*)(C)CCSCCCC(=O)NCCn1ccnc1,*O[Si](*)(C)CCSCCCC(=O)NCCn1ccnc1,100,0,O=S(=O)([N-]S(=O)(=O)C(F)(F)F)C(F)(F)F,0.05,105215,-7,1,0,-6.18219514
*O[Si](*)(C)CCSCCCC(=O)NCCn1ccnc1,*O[Si](*)(C)CCSCC,71,29,O=S(=O)([N-]S(=O)(=O)C(F)(F)F)C(F)(F)F,0.07,89174.4,-4,1,0,-6.076827721
*O[Si](*)(C)CCSCCCC(=O)NCCn1ccnc1,*O[Si](*)(C)CCSCC,71,29,O=S(=O)([N-]S(=O)(=O)C(F)(F)F)C(F)(F)F,0.05,89174.4,-11,1,0,-6.018583549
*O[Si](*)(C)CCSCCCC(=O)NCCn1ccnc1,*O[Si](*)(C)CCSCC,49,51,O=S(=O)([N-]S(=O)(=O)C(F)(F)F)C(F)(F)F,0.1,76944,-11,1,0,-5.780312544
*O[Si](*)(C)CCSCCCC(=O)NCCn1ccnc1,*O[Si](*)(C)CCSCC,49,51,O=S(=O)([N-]S(=O)(=O)C(F)(F)F)C(F)(F)F,0.05,76944,-19,1,0,-5.748539723
*O[Si](*)(C)CCSCCCC(=O)NCCn1ccnc1,*O[Si](*)(C)CCSCC,33,67,O=S(=O)([N-]S(=O)(=O)C(F)(F)F)C(F)(F)F,0.15,67872,-19,1,0,-5.802771871
*O[Si](*)(C)CCSCCCC(=O)NCCn1ccnc1,*O[Si](*)(C)CCSCC,33,67,O=S(=O)([N-]S(=O)(=O)C(F)(F)F)C(F)(F)F,0.05,67872,-28,1,0,-5.683259062
*O[Si](*)(C)CCSCCCC(=O)NCCn1ccnc1,*O[Si](*)(C)CCSCC,29,71,O=S(=O)([N-]S(=O)(=O)C(F)(F)F)C(F)(F)F,0.17,65856,-20,1,0,-5.860155071
*O[Si](*)(C)CCSCCCC(=O)NCCn1ccnc1,*O[Si](*)(C)CCSCC,20,80,O=S(=O)([N-]S(=O)(=O)C(F)(F)F)C(F)(F)F,0.25,60816,-31,1,0,-5.8161068
*O[Si](*)(C)CCSCCCC(=O)NCCn1ccnc1,*O[Si](*)(C)CCSCC,7,93,O=S(=O)([N-]S(=O)(=O)C(F)(F)F)C(F)(F)F,0.05,53625.6,-80,1,0,-6.153247929
*O[Si](*)(C)CCSCCCC(=O)NCCn1ccnc1,*O[Si](*)(C)CCSCC,7,93,O=S(=O)([N-]S(=O)(=O)C(F)(F)F)C(F)(F)F,0.36,53625.6,-81,1,0,-6.369167275
*O[Si](*)(C)CCSCCCC(=O)NCCn1ccnc1,*O[Si](*)(C)CCSCC,7,93,O=S(=O)([N-]S(=O)(=O)C(F)(F)F)C(F)(F)F,0.71,53625.6,-65,1,0,-6.272678861
*O[Si](*)(C)CCSCCCC(=O)NCCn1ccnc1,*O[Si](*)(C)CCSCCCCCCCc1ccccc1,72,28,O=S(=O)([N-]S(=O)(=O)C(F)(F)F)C(F)(F)F,0.07,67760,-13,1,0,-5.971409957
*O[Si](*)(C)CCSCCCC(=O)NCCn1ccnc1,*O[Si](*)(C)CCSCCCCCCCc1ccccc1,40,60,O=S(=O)([N-]S(=O)(=O)C(F)(F)F)C(F)(F)F,0.12,66440,-36,1,0,-6.094302457
*O[Si](*)(C)CCSCCCC(=O)NCCn1ccnc1,*O[Si](*)(C)CCSCCCCCCCc1ccccc1,14,86,O=S(=O)([N-]S(=O)(=O)C(F)(F)F)C(F)(F)F,0.36,65340,-62,1,0,-6.697991434
*O[Si](*)(C)CCSCCCCCCCn1ccnc1,*O[Si](*)(C)CCSCCCCCCCn1ccnc1,100,0,O=S(=O)([N-]S(=O)(=O)C(F)(F)F)C(F)(F)F,0.03,65340,-22,1,0,-5.185554223
*O[Si](*)(C)CCSCCCCCCCn1ccnc1,*O[Si](*)(C)CCSCCCCCCCn1ccnc1,100,0,O=S(=O)([N-]S(=O)(=O)C(F)(F)F)C(F)(F)F,0.3,65340,7,1,0,-5.791297391
*CCO*,*CCO*,100,0,F[P-](F)(F)(F)(F)F,0.01,4000,-54,0,1,-6.4715
*CCO*,*CCO*,100,0,F[P-](F)(F)(F)(F)F,0.02,4000,-50,0,1,-6.4976
*CCO*,*CCO*,100,0,F[P-](F)(F)(F)(F)F,0.03,4000,-51,0,1,-6.5604
*CCO*,*CCO*,100,0,F[P-](F)(F)(F)(F)F,0.03,4000,-49,0,1,-4.2961
*CCO*,*CCO*,100,0,F[P-](F)(F)(F)(F)F,0.05,4000,-45,0,1,-6.1124
*CCO*,*CCO*,100,0,F[P-](F)(F)(F)(F)F,0.06,4000,-44,0,1,-6.6565
*CCO*,*CCO*,100,0,F[P-](F)(F)(F)(F)F,0.08,4000,-43,0,1,-6.3816
*CCO*,*CCO*,100,0,O=S(=O)(F)[N-]S(=O)(=O)F,0.05,500,-45,0,1,-3.97027712
*CCO*,*CCO*,100,0,O=S(=O)([N-]S(=O)(=O)C(F)(F)F)C(F)(F)F,0.05,500,-36,0,1,-3.558843312
*CCO*,*CCO*,100,0,O=S(=O)([N-]S(=O)(=O)C(F)(F)F)C(F)(F)F,0,4,-66,0,1,-4.49757288
*CCO*,*CCO*,100,0,O=S(=O)([N-]S(=O)(=O)C(F)(F)F)C(F)(F)F,0.01,4,-65,0,1,-3.935542011
*CCO*,*CCO*,100,0,O=S(=O)([N-]S(=O)(=O)C(F)(F)F)C(F)(F)F,0.01,4,-64,0,1,-3.772113295
*CCO*,*CCO*,100,0,O=S(=O)([N-]S(=O)(=O)C(F)(F)F)C(F)(F)F,0.01,4,-63,0,1,-3.694648631
*CCO*,*CCO*,100,0,O=S(=O)([N-]S(=O)(=O)C(F)(F)F)C(F)(F)F,0.02,4,-62,0,1,-3.552841969
*CCO*,*CCO*,100,0,O=S(=O)([N-]S(=O)(=O)C(F)(F)F)C(F)(F)F,0.02,4,-61,0,1,-3.403402904
*CCO*,*CCO*,100,0,O=S(=O)([N-]S(=O)(=O)C(F)(F)F)C(F)(F)F,0.03,4,-58,0,1,-3.26760624
*CCO*,*CCO*,100,0,O=S(=O)([N-]S(=O)(=O)C(F)(F)F)C(F)(F)F,0.04,4,-56,0,1,-3.229147988
*CCO*,*CCO*,100,0,O=S(=O)([N-]S(=O)(=O)C(F)(F)F)C(F)(F)F,0.06,4,-50,0,1,-3.214670165
*CCO*,*CCO*,100,0,O=S(=O)([N-]S(=O)(=O)C(F)(F)F)C(F)(F)F,0.09,4,-43,0,1,-3.283996656
*CCO*,*CCO*,100,0,O=S(=O)([N-]S(=O)(=O)C(F)(F)F)C(F)(F)F,0.12,4,-36,0,1,-3.386158178
*CCO*,*CCO*,100,0,O=S(=O)([N-]S(=O)(=O)C(F)(F)F)C(F)(F)F,0.17,4,-29,0,1,-3.48945499
*CCO*,*CCO*,100,0,O=S(=O)([N-]S(=O)(=O)C(F)(F)F)C(F)(F)F,0.2,4,-25,0,1,-4.036212173
*CCO*,*CCO*,100,0,O=S(=O)([N-]S(=O)(=O)C(F)(F)F)C(F)(F)F,0.25,4,-19,0,1,-4.283996656
*CCO*,*CCO*,100,0,COCCC[N-]S(=O)(=O)C(F)(F)F,0.02,4,-62,0,1,-4.510041521
*CCO*,*CCO*,100,0,COCCC[N-]S(=O)(=O)C(F)(F)F,0.03,4,-60,0,1,-4.214670165
*CCO*,*CCO*,100,0,COCCC[N-]S(=O)(=O)C(F)(F)F,0.05,4,-58,0,1,-4.124938737
*CCO*,*CCO*,100,0,COCCC[N-]S(=O)(=O)C(F)(F)F,0.06,4,-56,0,1,-4.065501549
*CCO*,*CCO*,100,0,COCCC[N-]S(=O)(=O)C(F)(F)F,0.08,4,-53,0,1,-4.102372909
*CCO*,*CCO*,100,0,COCCC[N-]S(=O)(=O)C(F)(F)F,0.1,4,-53,0,1,-4.167491087
*CCO*,*CCO*,100,0,O=S(=O)([O-])C(F)(F)F,0.08,13.2,-42,0,1,-4.3947
*CCO*,*CCO*,100,0,O=S(=O)([O-])C(F)(F)F,0.12,13.2,-42,0,1,-4.4551
*CCO*,*CCO*,100,0,O=S(=O)([O-])C(F)(F)F,0.08,21,-49,0,1,-4.3444
*CCO*,*CCO*,100,0,[O-][Cl+3]([O-])([O-])[O-],0.11,22,-24,0,1,-4.768784859
*CCO*,*COC(*)C,76.5,23.5,[O-][Cl+3]([O-])([O-])[O-],0.11,10,-23,0,1,-5.13199965
*CCO*,*COC(*)C,47,53,[O-][Cl+3]([O-])([O-])[O-],0.11,5,-7,0,1,-5.721042882
*CCO*,*COC(*)COCCOCCOC,95,5,O=S(=O)([N-]S(=O)(=O)C(F)(F)F)C(F)(F)F,0.02,4000,-51,1,0,-4.017859268
*CCO*,*COC(*)COCCOCCOC,95,5,O=S(=O)([N-]S(=O)(=O)C(F)(F)F)C(F)(F)F,0.04,4000,-47,1,0,-3.835551263
*CCO*,*COC(*)COCCOCCOC,95,5,O=S(=O)([N-]S(=O)(=O)C(F)(F)F)C(F)(F)F,0.06,4000,-44,1,0,-3.611496413
*CCO*,*COC(*)COCCOCCOC,95,5,O=S(=O)([N-]S(=O)(=O)C(F)(F)F)C(F)(F)F,0.08,4000,-43,1,0,-3.617969947
*CCO*,*COC(*)COCCOCCOC,91,9,O=S(=O)([N-]S(=O)(=O)C(F)(F)F)C(F)(F)F,0.02,277.8,-55,1,0,-3.460792874
*CCO*,*COC(*)COCCOCCOC,91,9,O=S(=O)([N-]S(=O)(=O)C(F)(F)F)C(F)(F)F,0.04,277.8,-52,1,0,-3.408930907
*CCO*,*COC(*)COCCOCCOC,91,9,O=S(=O)([N-]S(=O)(=O)C(F)(F)F)C(F)(F)F,0.06,277.8,-45,1,0,-3.27768157
*CCO*,*COC(*)COCCOCCOC,91,9,O=S(=O)([N-]S(=O)(=O)C(F)(F)F)C(F)(F)F,0.08,277.8,-39,1,0,-3.21161654
*CCO*,*COC(*)COCCOCCOC,91,9,[O-][Cl+3]([O-])([O-])[O-],0.02,277.8,-51,1,0,-3.610818838
*CCO*,*COC(*)COCCOCCOC,91,9,[O-][Cl+3]([O-])([O-])[O-],0.04,277.8,-46,1,0,-3.346435504
*CCO*,*COC(*)COCCOCCOC,91,9,[O-][Cl+3]([O-])([O-])[O-],0.06,277.8,-37,1,0,-3.498306692
*CCO*,*COC(*)COCCOCCOC,91,9,[O-][Cl+3]([O-])([O-])[O-],0.08,277.8,-23,1,0,-3.821350999
*COC(*)COCC=C,*COC(*)COCC=C,100,0,O=S(=O)([N-]S(=O)(=O)C(F)(F)F)C(F)(F)F,0.01,12.2,-75,0,1,-4.849959018
*COC(*)COCC=C,*COC(*)COCC=C,100,0,O=S(=O)([N-]S(=O)(=O)C(F)(F)F)C(F)(F)F,0.02,12.2,-73,0,1,-4.455315869
*COC(*)COCC=C,*COC(*)COCC=C,100,0,O=S(=O)([N-]S(=O)(=O)C(F)(F)F)C(F)(F)F,0.03,12.2,-72,0,1,-4.197144058
*COC(*)COCC=C,*COC(*)COCC=C,100,0,O=S(=O)([N-]S(=O)(=O)C(F)(F)F)C(F)(F)F,0.04,12.2,-67,0,1,-3.899042599
*COC(*)COCC=C,*COC(*)COCC=C,100,0,O=S(=O)([N-]S(=O)(=O)C(F)(F)F)C(F)(F)F,0.06,12.2,-58,0,1,-3.718439756
*COC(*)COCC=C,*COC(*)COCC=C,100,0,O=S(=O)([N-]S(=O)(=O)C(F)(F)F)C(F)(F)F,0.1,12.2,-49,0,1,-3.714276869
*COC(*)COCC=C,*COC(*)COCC=C,100,0,O=S(=O)([N-]S(=O)(=O)C(F)(F)F)C(F)(F)F,0.05,12.2,-78,0,1,-3.91699886
*CCO*,*COC(*)COCC=C,89.7,10.3,O=S(=O)([N-]S(=O)(=O)C(F)(F)F)C(F)(F)F,0.04,29.5,-69,0,1,-3.471924785
*CCO*,*COC(*)COCC=C,80.2,19.8,O=S(=O)([N-]S(=O)(=O)C(F)(F)F)C(F)(F)F,0.04,15.8,-71,0,1,-3.609537571
*CCO*,*COC(*)COCC=C,76.7,23.3,O=S(=O)([N-]S(=O)(=O)C(F)(F)F)C(F)(F)F,0.04,7.9,-69,0,1,-3.652058988
*CCO*,*COC(*)COCC=C,54.9,45.1,O=S(=O)([N-]S(=O)(=O)C(F)(F)F)C(F)(F)F,0.04,17.3,-73,0,1,-3.803559545
*CC(*)(C)C(=O)OCCOCCOCCOCCOCCOCCOCCOCCOCCOC,*CC(*)(C)C(=O)OCCOCCOCCOCCOCCOCCOCCOCCOCCOC,100,0,O=S(=O)([O-])C(F)(F)F,0.2,300,-25,1,0,-4.890328737
*COCCOCCOCCOCCOCCOCCOCCOCCOCOC*,*COCCOCCOCCOCCOCCOCCOCCOCCOCOC*,100,0,O=S(=O)([N-]S(=O)(=O)C(F)(F)F)C(F)(F)F,0.05,50,-50,0,1,-3.681736599
*CN(CCOC)C(*)=O,*CN(CCOC)C(*)=O,100,0,O=S(=O)([N-]S(=O)(=O)C(F)(F)F)C(F)(F)F,0.09,2.4,52,1,0,-6.574593418
*CN(CCOCCOC)C(*)=O,*CN(CCOCCOC)C(*)=O,100,0,O=S(=O)([N-]S(=O)(=O)C(F)(F)F)C(F)(F)F,0.09,3.2,9,1,0,-4.822384778
*CN(CCOCCOCCOC)C(*)=O,*CN(CCOCCOCCOC)C(*)=O,100,0,O=S(=O)([N-]S(=O)(=O)C(F)(F)F)C(F)(F)F,0.09,4.1,-2,1,0,-4.53153355
*CC(*)OCCOCCOC,*C1OC(=O)OC1*,50,50,O=S(=O)([N-]S(=O)(=O)C(F)(F)F)C(F)(F)F,0.12,37,40,1,0,-6.93162364
*CC(*)OCCOCCOC,*C1OC(=O)OC1*,50,50,O=S(=O)([N-]S(=O)(=O)C(F)(F)F)C(F)(F)F,0.08,37,34,1,0,-6.424478697
*CC(*)OCCOCCOC,*C1OC(=O)OC1*,50,50,O=S(=O)([N-]S(=O)(=O)C(F)(F)F)C(F)(F)F,0.06,37,31,1,0,-7.084322107
*CC(*)OCCOCCOC,*C1OC(=O)OC1*,50,50,O=S(=O)([N-]S(=O)(=O)C(F)(F)F)C(F)(F)F,0.05,37,29,1,0,-6.655352166
*CC(*)OCCOCCOC,*C1OC(=O)OC1*,50,50,O=S(=O)([N-]S(=O)(=O)C(F)(F)F)C(F)(F)F,0.12,19,21,1,0,-6.010850752
*CC(*)OCCOCCOC,*C1OC(=O)OC1*,50,50,O=S(=O)([N-]S(=O)(=O)C(F)(F)F)C(F)(F)F,0.08,19,8,1,0,-5.756176322
*CC(*)OCCOCCOC,*C1OC(=O)OC1*,50,50,O=S(=O)([N-]S(=O)(=O)C(F)(F)F)C(F)(F)F,0.06,19,8,1,0,-6.279968984
*CC(*)OCCOCCOC,*C1OC(=O)OC1*,50,50,O=S(=O)([N-]S(=O)(=O)C(F)(F)F)C(F)(F)F,0.05,19,0,1,0,-6.111465606
*CC(*)OCCOCCOC,*C1OC(=O)OC1*,50,50,O=S(=O)([N-]S(=O)(=O)C(F)(F)F)C(F)(F)F,0.12,18,-17,1,0,-4.901888108
*CC(*)OCCOCCOC,*C1OC(=O)OC1*,50,50,O=S(=O)([N-]S(=O)(=O)C(F)(F)F)C(F)(F)F,0.08,18,-20,1,0,-5.029106919
*CC(*)OCCOCCOC,*C1OC(=O)OC1*,50,50,O=S(=O)([N-]S(=O)(=O)C(F)(F)F)C(F)(F)F,0.06,18,-22,1,0,-5.029119303
*CC(*)OCCOCCOC,*C1OC(=O)OC1*,50,50,O=S(=O)([N-]S(=O)(=O)C(F)(F)F)C(F)(F)F,0.05,18,-25,1,0,-4.966118865
*CC(*)OCCOCCOC,*C1OC(=O)OC1*,50,50,O=S(=O)([N-]S(=O)(=O)C(F)(F)F)C(F)(F)F,0.12,7.9,-26,1,0,-4.428192809
*CC(*)OCCOCCOC,*C1OC(=O)OC1*,50,50,O=S(=O)([N-]S(=O)(=O)C(F)(F)F)C(F)(F)F,0.08,7.9,-27,1,0,-4.477191173
*CC(*)OCCOCCOC,*C1OC(=O)OC1*,50,50,O=S(=O)([N-]S(=O)(=O)C(F)(F)F)C(F)(F)F,0.06,7.9,-31,1,0,-4.304358931
*CC(*)OCCOCCOC,*C1OC(=O)OC1*,50,50,O=S(=O)([N-]S(=O)(=O)C(F)(F)F)C(F)(F)F,0.05,7.9,-37,1,0,-4.375192379
*CC(*)OCCOCCOC,*C1OC(=O)OC1*,50,50,O=S(=O)([N-]S(=O)(=O)C(F)(F)F)C(F)(F)F,0.12,8.1,-18,1,0,-4.195436525
*CC(*)OCCOCCOC,*C1OC(=O)OC1*,50,50,O=S(=O)([N-]S(=O)(=O)C(F)(F)F)C(F)(F)F,0.08,8.1,-31,1,0,-3.772680721
*CC(*)OCCOCCOC,*C1OC(=O)OC1*,50,50,O=S(=O)([N-]S(=O)(=O)C(F)(F)F)C(F)(F)F,0.06,8.1,-35,1,0,-3.629527631
*CC(*)OCCOCCOC,*C1OC(=O)OC1*,50,50,O=S(=O)([N-]S(=O)(=O)C(F)(F)F)C(F)(F)F,0.05,8.1,-39,1,0,-3.807212738
*CC(*)OCCOCCOC,*C1OC(=O)OC1*,50,50,O=S(=O)([N-]S(=O)(=O)C(F)(F)F)C(F)(F)F,0.12,7.8,-29,1,0,-3.969291168
*CC(*)OCCOCCOC,*C1OC(=O)OC1*,50,50,O=S(=O)([N-]S(=O)(=O)C(F)(F)F)C(F)(F)F,0.08,7.8,-36,1,0,-3.732945182
*CC(*)OCCOCCOC,*C1OC(=O)OC1*,50,50,O=S(=O)([N-]S(=O)(=O)C(F)(F)F)C(F)(F)F,0.06,7.8,-43,1,0,-3.695438776
*CC(*)OCCOCCOC,*C1OC(=O)OC1*,50,50,O=S(=O)([N-]S(=O)(=O)C(F)(F)F)C(F)(F)F,0.05,7.8,-47,1,0,-3.66205309
*CC(*)OCCOCCOC,*C1OC(=O)OC1*,50,50,O=S(=O)([N-]S(=O)(=O)C(F)(F)F)C(F)(F)F,0.12,7.4,-27,1,0,-3.710677434
*CC(*)OCCOCCOC,*C1OC(=O)OC1*,50,50,O=S(=O)([N-]S(=O)(=O)C(F)(F)F)C(F)(F)F,0.08,7.4,-40,1,0,-3.49429521
*CC(*)OCCOCCOC,*C1OC(=O)OC1*,50,50,O=S(=O)([N-]S(=O)(=O)C(F)(F)F)C(F)(F)F,0.06,7.4,-44,1,0,-3.131450171
*CC(*)OCCOCCOC,*C1OC(=O)OC1*,50,50,O=S(=O)([N-]S(=O)(=O)C(F)(F)F)C(F)(F)F,0.05,7.4,-48,1,0,-3.301688787
*COC(*)COC(C)(C)C,*OC(*)=O,50,50,O=S(=O)([N-]S(=O)(=O)C(F)(F)F)C(F)(F)F,0.05,44,18,1,0,-7.51533429
*COC(*)COCCCC,*OC(*)=O,50,50,O=S(=O)([N-]S(=O)(=O)C(F)(F)F)C(F)(F)F,0.05,190,-20,1,0,-5.836820328
*COC(*)COCCOC,*OC(*)=O,50,50,O=S(=O)([N-]S(=O)(=O)C(F)(F)F)C(F)(F)F,0.03,17,-55,1,0,-4.528742245
*CCO*,*COC(*)COC,78.3,21.7,O=S(=O)([O-])C(F)(F)F,0.06,1000,-68,1,0,-4.771455143
*CCO*,*COC(*)COCCOCC,82.94,17.06,O=S(=O)([O-])C(F)(F)F,0.06,1000,-53,1,0,-4.613009445
*CCO*,*COC(*)COCCOCCOC,71.15,28.85,O=S(=O)([O-])C(F)(F)F,0.06,1000,-77,1,0,-4.013896227
