smiles1,smiles2,smiles3,ratio1,ratio2,ratio3,value
*CCC(=O)OCCOC(=O)CCN(*)CCCN(CC)CC,*CCC(=O)OCCOC(=O)CCN(*)CCCCCO,*CCC(=O)OCCOC(=O)CCN(*)CCOCCOCCOCCO,0.4,0.4,0.2,0.065
*CCC(=O)OCCOC(=O)CCN(*)CCCN(CCCC)CCCC,*CCC(=O)OCCOC(=O)CCN(*)CCC(C)C,*CCC(=O)OCCOC(=O)CCN(*)C(C)C(N)=O,0.2,0.2,0.6,0.03825
*CCC(=O)OCCOC(=O)CCN(*)CCCN(CCCC)CCCC,*CCC(=O)OCCOC(=O)CCN(*)CCC(C)C,*CCC(=O)OCCOC(=O)CCN(*)C(C)C(N)=O,0.2,0.4,0.4,0.0279
*CCC(=O)OCCOC(=O)CCN(*)CCCN(CCCC)CCCC,*CCC(=O)OCCOC(=O)CCN(*)CCC(C)C,*CCC(=O)OCCOC(=O)CCN(*)C(C)C(N)=O,0.2,0.6,0.2,0.02502
*CCC(=O)OCCOC(=O)CCN(*)CCCN(CCCC)CCCC,*CCC(=O)OCCOC(=O)CCN(*)CCC(C)C,*CCC(=O)OCCOC(=O)CCN(*)C(C)C(N)=O,0.4,0.2,0.4,0.04875
*CCC(=O)OCCOC(=O)CCN(*)CCCN(CCCC)CCCC,*CCC(=O)OCCOC(=O)CCN(*)CCC(C)C,*CCC(=O)OCCOC(=O)CCN(*)C(C)C(N)=O,0.4,0.4,0.2,0.06845
*CCC(=O)OCCOC(=O)CCN(*)CCCN(CCCC)CCCC,*CCC(=O)OCCOC(=O)CCN(*)CCC(C)C,*CCC(=O)OCCOC(=O)CCN(*)C(C)C(N)=O,0.6,0.1,0.3,0.03351
*CCC(=O)OCCOC(=O)CCN(*)CCCN(CCCC)CCCC,*CCC(=O)OCCOC(=O)CCN(*)CCC(C)C,*CCC(=O)OCCOC(=O)CCN(*)C(C)C(N)=O,0.6,0.3,0.1,0.13316
*CCC(=O)OCCOC(=O)CCN(*)CCCN(CCCC)CCCC,*CCC(=O)OCCOC(=O)CCN(*)CCC(C)C,*CCC(=O)OCCOC(=O)CCN(*)C(C)C(N)=O,0.8,0.1,0.1,0.12425
*CCC(=O)OCCOC(=O)CCN(*)CCN1CCCCC1,*CCC(=O)OCCOC(=O)CCN(*)CCCCCCCCCC,*CCC(=O)OCCOC(=O)CCN(*)CCOCCOCCOCCOCCOCCO,0.2,0.2,0.6,0.302166549
*CCC(=O)OCCOC(=O)CCN(*)CCCN1CCN(C)CC1,*CCC(=O)OCCOC(=O)CCN(*)CCCCCO,*CCC(=O)OCCOC(=O)CCN(*)CCOCCOCCO,0.2,0.2,0.6,0.01841
*CCC(=O)OCCOC(=O)CCN(*)CCCN1CCN(C)CC1,*CCC(=O)OCCOC(=O)CCN(*)CC(F)(F)C(F)(F)C(F)(F)F,*CCC(=O)OCCOC(=O)CCN(*)CC(C)(C)C(N)=O,0.2,0.6,0.2,0.03192
*CCC(=O)OCCOC(=O)CCN(*)Cc1ccncc1,*CCC(=O)OCCOC(=O)CCN(*)CCC1CCCCC1,*CCC(=O)OCCOC(=O)CCN(*)CCOCCOCCO,0.2,0.6,0.2,0.03868
*CCC(=O)OCCOC(=O)CCN(*)Cc1ccncc1,*CCC(=O)OCCOC(=O)CCN(*)Cc1ccccc1,*CCC(=O)OCCOC(=O)CCN(*)C(C)C(N)=O,0.4,0.4,0.2,0.02703
*CCC(=O)OCCOC(=O)CCN(*)Cc1ccncc1,*CCC(=O)OCCOC(=O)CCN(*)Cc1ccc(OC)cc1,*CCC(=O)OCCOC(=O)CCN(*)CCOCCOCCO,0.4,0.2,0.4,0.031838206
*CCC(=O)OCCOC(=O)CCN(*)Cc1ccncc1,*CCC(=O)OCCOC(=O)CCN(*)Cc1ccc(OC)cc1,*CCC(=O)OCCOC(=O)CCN(*)CCOCCOCCO,0.6,0.3,0.1,0.046255507
*CCC(=O)OCCOC(=O)CCN(*)Cc1ccncc1,*CCC(=O)OCCOC(=O)CCN(*)Cc1ccc(OC)cc1,*CCC(=O)OCCOC(=O)CCN(*)CCOCCOCCO,0.8,0.1,0.1,0.046055266
*CCC(=O)OCCOC(=O)CCN(*)CCc1cccnc1,*CCC(=O)OCCOC(=O)CCN(*)Cc1ccccc1,*CCC(=O)OCCOC(=O)CCN(*)CCOCCOCCOCCO,0.2,0.2,0.6,0.02747
*CCC(=O)OCCOC(=O)CCN(*)CCc1cccnc1,*CCC(=O)OCCOC(=O)CCN(*)CCCCCO,*CCC(=O)OCCOC(=O)CCN(*)CCOCCOCCOCCO,0.4,0.4,0.2,0.02416
*CCC(=O)OCCOC(=O)CCN(*)CCN1CCOCC1,*CCC(=O)OCCOC(=O)CCN(*)CCC1CCCCC1,*CCC(=O)OCCOC(=O)CCN(*)CC(C)(C)C(N)=O,0.2,0.2,0.6,-0.01514867
*CCC(=O)OCCOC(=O)CCN(*)CCN1CCOCC1,*CCC(=O)OCCOC(=O)CCN(*)CC(C)(C)O,*CCC(=O)OCCOC(=O)CCN(*)CC(O)CO,0.4,0.4,0.2,-0.016150235
*CCC(=O)OCCOC(=O)CCN(*)CCN,*CCC(=O)OCCOC(=O)CCN(*)CCCCCCCC,*CCC(=O)OCCOC(=O)CCN(*)CC(C)(C)C(N)=O,0.8,0.1,0.1,0.042482941
*CCC(=O)OCCOC(=O)CCN(*)CCN,*CCC(=O)OCCOC(=O)CCN(*)CCCc1ccccc1,*CCC(=O)OCCOC(=O)CCN(*)CC(C)(C)C(N)=O,0.6,0.1,0.3,0.034554107
*CCC(=O)OCCOC(=O)CCN(*)CCN,*CCC(=O)OCCOC(=O)CCN(*)CCCc1ccccc1,*CCC(=O)OCCOC(=O)CCN(*)CC(C)(C)C(N)=O,0.6,0.3,0.1,0.067452928
*CCC(=O)OCCOC(=O)CCN(*)CCN,*CCC(=O)OCCOC(=O)CCN(*)CCCc1ccccc1,*CCC(=O)OCCOC(=O)CCN(*)CC(C)(C)C(N)=O,0.8,0.1,0.1,0.020691082
*CCC(=O)OCCOC(=O)CCN(*)CCN,*CCC(=O)OCCOC(=O)CCN(*)CCC(OCC)OCC,*CCC(=O)OCCOC(=O)CCN(*)CCOCCOCCO,0.2,0.6,0.2,-0.018904538
*CCC(=O)OCCOC(=O)CCN(*)CCN,*CCC(=O)OCCOC(=O)CCN(*)CCCCCO,*CCC(=O)OCCOC(=O)CCN(*)C(C)C(N)=O,0.2,0.2,0.6,-0.014522692
*CCC(=O)OCCOC(=O)CCN(*)CCN,*CCC(=O)OCCOC(=O)CCN(*)CC(F)(F)C(F)(F)C(F)(F)F,*CCC(=O)OCCOC(=O)CCN(*)CC(C)(C)C(N)=O,0.8,0.1,0.1,0.040942109
*CCC(=O)OCCOC(=O)CCN(*)CCN,*CCC(=O)OCCOC(=O)CCN(*)CC(F)(F)C(F)(F)C(F)(F)F,*CCC(=O)OCCOC(=O)CCN(*)C(C)C(N)=O,0.8,0.1,0.1,0.030376403
*CCC(=O)OCCOC(=O)CCN(*)CC(C)(C)CN,*CCC(=O)OCCOC(=O)CCN(*)CCCCCCCC,*CCC(=O)OCCOC(=O)CCN(*)CCOCCOCCOCCOCCOCCO,0.2,0.6,0.2,0.063974961
*CCC(=O)OCCOC(=O)CCN(*)CC(C)(C)CN,*CCC(=O)OCCOC(=O)CCN(*)CCC(OCC)OCC,*CCC(=O)OCCOC(=O)CCN(*)C(C)C(N)=O,0.2,0.6,0.2,0.034428795
*CCC(=O)OCCOC(=O)CCN(*)CCCCCN,*CCC(=O)OCCOC(=O)CCN(*)CCCCCCCC,*CCC(=O)OCCOC(=O)CCN(*)CC(O)CO,0.2,0.6,0.2,0.001251956
*CCC(=O)OCCOC(=O)CCN(*)CCCCCN,*CCC(=O)OCCOC(=O)CCN(*)CCCCCCCCCC,*CCC(=O)OCCOC(=O)CCN(*)CC(O)CO,0.2,0.2,0.6,0.043818466
*CCC(=O)OCCOC(=O)CCN(*)CCCCCN,*CCC(=O)OCCOC(=O)CCN(*)CC(C)(C)O,*CCC(=O)OCCOC(=O)CCN(*)C(C)C(N)=O,0.2,0.2,0.6,-0.0171518
*CCC(=O)OCCOC(=O)CCN(*)CCCCCCCCN,*CCC(=O)OCCOC(=O)CCN(*)CCCCCCCC,*CCC(=O)OCCOC(=O)CCN(*)C(C)C(N)=O,0.2,0.6,0.2,0.075743349
*CCC(=O)OCCOC(=O)CCN(*)CCCCCCCCN,*CCC(=O)OCCOC(=O)CCN(*)CCC(C)C,*CCC(=O)OCCOC(=O)CCN(*)CCOCCOCCO,0.2,0.2,0.6,-0.016776213
*CCC(=O)OCCOC(=O)CCN(*)CCOCCOCCN,*CCC(=O)OCCOC(=O)CCN(*)CCCCc1ccccc1,*CCC(=O)OCCOC(=O)CCN(*)CC(O)CO,0.2,0.6,0.2,0.004256651
*CCC(=O)OCCOC(=O)CCN(*)CCOCCOCCN,*CCC(=O)OCCOC(=O)CCN(*)CCC(OCC)OCC,*CCC(=O)OCCOC(=O)CCN(*)C(C)C(N)=O,0.4,0.4,0.2,-0.014898279
*CCC(=O)OCCOC(=O)CCN(*)CCOCCOCCOCCOCCN,*CCC(=O)OCCOC(=O)CCN(*)CCCCCCCC,*CCC(=O)OCCOC(=O)CCN(*)C(C)C(N)=O,0.4,0.4,0.2,0.019906103
*CCC(=O)OCCOC(=O)CCN(*)CCOCCOCCOCCOCCN,*CCC(=O)OCCOC(=O)CCN(*)CCC1CCCCC1,*CCC(=O)OCCOC(=O)CCN(*)CCOCCOCCOCCOCCOCCO,0.4,0.4,0.2,0.034053208
*CCC(=O)OCCOC(=O)CCN(*)CCOCCOCCOCCOCCN,*CCC(=O)OCCOC(=O)CCN(*)CC(CC)CCCC,*CCC(=O)OCCOC(=O)CCN(*)C(C)C(N)=O,0.2,0.2,0.6,-0.000500782
*CCC(=O)OCCOC(=O)CCN(*)Cc1cccc(CN)c1,*CCC(=O)OCCOC(=O)CCN(*)CCCCc1ccccc1,*CCC(=O)OCCOC(=O)CCN(*)C(C)C(N)=O,0.4,0.4,0.2,0.029045383
*CCC(=O)OCCOC(=O)CCN(*)Cc1cccc(CN)c1,*CCC(=O)OCCOC(=O)CCN(*)CCC(OCC)OCC,*CCC(=O)OCCOC(=O)CCN(*)CCOCCOCCOCCOCCOCCO,0.2,0.6,0.2,-0.009890454
*CCC(=O)OCCOC(=O)CCN(*)Cc1cccc(CN)c1,*CCC(=O)OCCOC(=O)CCN(*)CCCOC,*CCC(=O)OCCOC(=O)CCN(*)C(C)C(N)=O,0.2,0.2,0.6,0.003004695
*CCC(=O)OCC(C)(C)COC(=O)CCN(*)CCN(C)C,*CCC(=O)OCC(C)(C)COC(=O)CCN(*)CCCCCCCC,*CCC(=O)OCC(C)(C)COC(=O)CCN(*)C(C)C(N)=O,0.8,0.1,0.1,1.089368259
*CCC(=O)OCC(C)(C)COC(=O)CCN(*)CCCN(CC)CC,*CCC(=O)OCC(C)(C)COC(=O)CCN(*)CCCCCCCC,*CCC(=O)OCC(C)(C)COC(=O)CCN(*)CC(C)(C)C(N)=O,0.8,0.1,0.1,0.868368919
*CCC(=O)OCC(C)(C)COC(=O)CCN(*)CCCN(CC)CC,*CCC(=O)OCC(C)(C)COC(=O)CCN(*)CCCCCCCC,*CCC(=O)OCC(C)(C)COC(=O)CCN(*)C(C)C(N)=O,0.8,0.1,0.1,0.39533348
*CCC(=O)OCC(C)(C)COC(=O)CCN(*)CCCN(CC)CC,*CCC(=O)OCC(C)(C)COC(=O)CCN(*)CC(CC)CCCC,*CCC(=O)OCC(C)(C)COC(=O)CCN(*)CCOCCOCCOCCOCCOCCO,0.6,0.3,0.1,1.119142972
*CCC(=O)OCC(C)(C)COC(=O)CCN(*)CCN1CCCC1,*CCC(=O)OCC(C)(C)COC(=O)CCN(*)CCC(C)C,*CCC(=O)OCC(C)(C)COC(=O)CCN(*)CC(C)(C)C(N)=O,0.2,0.6,0.2,0.02646
*CCC(=O)OCC(C)(C)COC(=O)CCN(*)CCN1CCCCC1,*CCC(=O)OCC(C)(C)COC(=O)CCN(*)CCCCCCCC,*CCC(=O)OCC(C)(C)COC(=O)CCN(*)CCOCCOCCOCCOCCOCCO,0.2,0.6,0.2,0.13676
*CCC(=O)OCC(C)(C)COC(=O)CCN(*)CCN1CCCCC1,*CCC(=O)OCC(C)(C)COC(=O)CCN(*)CCCCCCCC,*CCC(=O)OCC(C)(C)COC(=O)CCN(*)CC(C)(C)C(N)=O,0.8,0.1,0.1,1.079337777
*CCC(=O)OCC(C)(C)COC(=O)CCN(*)CCN1CCCCC1,*CCC(=O)OCC(C)(C)COC(=O)CCN(*)CCCCCCCCCC,*CCC(=O)OCC(C)(C)COC(=O)CCN(*)CCOCCOCCO,0.2,0.6,0.2,0.023427073
*CCC(=O)OCC(C)(C)COC(=O)CCN(*)CCN1CCCCC1,*CCC(=O)OCC(C)(C)COC(=O)CCN(*)CCCCCCCCCC,*CCC(=O)OCC(C)(C)COC(=O)CCN(*)CCOCCOCCOCCO,0.2,0.6,0.2,0.027677099
*CCC(=O)OCC(C)(C)COC(=O)CCN(*)CCN1CCCCC1,*CCC(=O)OCC(C)(C)COC(=O)CCN(*)CCCCCCCCCC,*CCC(=O)OCC(C)(C)COC(=O)CCN(*)CCOCCOCCOCCOCCOCCO,0.4,0.4,0.2,0.736913057
*CCC(=O)OCC(C)(C)COC(=O)CCN(*)CCN1CCCCC1,*CCC(=O)OCC(C)(C)COC(=O)CCN(*)CCCCCCCCCC,*CCC(=O)OCC(C)(C)COC(=O)CCN(*)CCOCCOCCOCCOCCOCCO,0.6,0.3,0.1,1.17360833
*CCC(=O)OCC(C)(C)COC(=O)CCN(*)CCN1CCCCC1,*CCC(=O)OCC(C)(C)COC(=O)CCN(*)CCCCCCCCCC,*CCC(=O)OCC(C)(C)COC(=O)CCN(*)CCOCCOCCOCCOCCOCCO,0.8,0.1,0.1,1.102523028
*CCC(=O)OCC(C)(C)COC(=O)CCN(*)CCN1CCCCC1,*CCC(=O)OCC(C)(C)COC(=O)CCN(*)CCCCCCCCCC,*CCC(=O)OCC(C)(C)COC(=O)CCN(*)CC(O)CO,0.4,0.4,0.2,0.269099278
*CCC(=O)OCC(C)(C)COC(=O)CCN(*)CCN1CCCCC1,*CCC(=O)OCC(C)(C)COC(=O)CCN(*)CC1CCCC1,*CCC(=O)OCC(C)(C)COC(=O)CCN(*)C(C)C(N)=O,0.2,0.2,0.6,0.17601
*CCC(=O)OCC(C)(C)COC(=O)CCN(*)CCN1CCCCC1,*CCC(=O)OCC(C)(C)COC(=O)CCN(*)CC(CC)CCCC,*CCC(=O)OCC(C)(C)COC(=O)CCN(*)CCOCCOCCOCCOCCOCCO,0.6,0.3,0.1,1.064477373
*CCC(=O)OCC(C)(C)COC(=O)CCN(*)CCN1CCCCC1,*CCC(=O)OCC(C)(C)COC(=O)CCN(*)CC(CC)CCCC,*CCC(=O)OCC(C)(C)COC(=O)CCN(*)CCOCCOCCOCCOCCOCCO,0.8,0.1,0.1,1.08600301
*CCC(=O)OCC(C)(C)COC(=O)CCN(*)CCN1CCCCC1,*CCC(=O)OCC(C)(C)COC(=O)CCN(*)CC(CC)CCCC,*CCC(=O)OCC(C)(C)COC(=O)CCN(*)CC(C)(C)C(N)=O,0.8,0.1,0.1,1.091808213
*CCC(=O)OCC(C)(C)COC(=O)CCN(*)CCc1cccnc1,*CCC(=O)OCC(C)(C)COC(=O)CCN(*)CCCCCCCC,*CCC(=O)OCC(C)(C)COC(=O)CCN(*)CC(O)CO,0.2,0.2,0.6,0.03825
*CCC(=O)OCC(C)(C)COC(=O)CCN(*)CCc1cccnc1,*CCC(=O)OCC(C)(C)COC(=O)CCN(*)CCCCCCCC,*CCC(=O)OCC(C)(C)COC(=O)CCN(*)CC(O)CO,0.2,0.4,0.4,0.03451
*CCC(=O)OCC(C)(C)COC(=O)CCN(*)CCc1cccnc1,*CCC(=O)OCC(C)(C)COC(=O)CCN(*)CCCCCCCC,*CCC(=O)OCC(C)(C)COC(=O)CCN(*)CC(O)CO,0.2,0.6,0.2,0.03192
*CCC(=O)OCC(C)(C)COC(=O)CCN(*)CCc1cccnc1,*CCC(=O)OCC(C)(C)COC(=O)CCN(*)CCCCCCCC,*CCC(=O)OCC(C)(C)COC(=O)CCN(*)CC(O)CO,0.4,0.2,0.4,0.03164
*CCC(=O)OCC(C)(C)COC(=O)CCN(*)CCc1cccnc1,*CCC(=O)OCC(C)(C)COC(=O)CCN(*)CCCCCCCC,*CCC(=O)OCC(C)(C)COC(=O)CCN(*)CC(O)CO,0.4,0.4,0.2,0.02977
*CCC(=O)OCC(C)(C)COC(=O)CCN(*)CCc1cccnc1,*CCC(=O)OCC(C)(C)COC(=O)CCN(*)CCCCCCCC,*CCC(=O)OCC(C)(C)COC(=O)CCN(*)CC(O)CO,0.6,0.1,0.3,0.03811
*CCC(=O)OCC(C)(C)COC(=O)CCN(*)CCc1cccnc1,*CCC(=O)OCC(C)(C)COC(=O)CCN(*)CCCCCCCC,*CCC(=O)OCC(C)(C)COC(=O)CCN(*)CC(O)CO,0.6,0.3,0.1,0.02286
*CCC(=O)OCC(C)(C)COC(=O)CCN(*)CCc1cccnc1,*CCC(=O)OCC(C)(C)COC(=O)CCN(*)CCCCCCCC,*CCC(=O)OCC(C)(C)COC(=O)CCN(*)CC(O)CO,0.8,0.1,0.1,0.02258
*CCC(=O)OCC(C)(C)COC(=O)CCN(*)CCc1cccnc1,*CCC(=O)OCC(C)(C)COC(=O)CCN(*)CCC(C)C,*CCC(=O)OCC(C)(C)COC(=O)CCN(*)CC(O)CO,0.2,0.6,0.2,0.02847
*CCC(=O)OCC(C)(C)COC(=O)CCN(*)CCc1cccnc1,*CCC(=O)OCC(C)(C)COC(=O)CCN(*)CC(CC)CCCC,*CCC(=O)OCC(C)(C)COC(=O)CCN(*)CCOCCOCCO,0.2,0.2,0.6,0.02819
*CCC(=O)OCC(C)(C)COC(=O)CCN(*)CCN,*CCC(=O)OCC(C)(C)COC(=O)CCN(*)CCCCCC,*CCC(=O)OCC(C)(C)COC(=O)CCN(*)CC(C)(C)C(N)=O,0.8,0.1,0.1,0.153
*CCC(=O)OCC(C)(C)COC(=O)CCN(*)CCN,*CCC(=O)OCC(C)(C)COC(=O)CCN(*)CCCCCC,*CCC(=O)OCC(C)(C)COC(=O)CCN(*)C(C)C(N)=O,0.8,0.1,0.1,0.192
*CCC(=O)OCC(C)(C)COC(=O)CCN(*)CCN,*CCC(=O)OCC(C)(C)COC(=O)CCN(*)CCCCCCCC,*CCC(=O)OCC(C)(C)COC(=O)CCN(*)CCOCCOCCOCCOCCOCCO,0.8,0.1,0.1,0.211
*CCC(=O)OCC(C)(C)COC(=O)CCN(*)CCN,*CCC(=O)OCC(C)(C)COC(=O)CCN(*)CCCCCCCC,*CCC(=O)OCC(C)(C)COC(=O)CCN(*)CC(C)(C)C(N)=O,0.6,0.3,0.1,0.43
*CCC(=O)OCC(C)(C)COC(=O)CCN(*)CCN,*CCC(=O)OCC(C)(C)COC(=O)CCN(*)CCCCCCCC,*CCC(=O)OCC(C)(C)COC(=O)CCN(*)CC(C)(C)C(N)=O,0.8,0.1,0.1,0.088
*CCC(=O)OCC(C)(C)COC(=O)CCN(*)CCN,*CCC(=O)OCC(C)(C)COC(=O)CCN(*)CCCCCCCC,*CCC(=O)OCC(C)(C)COC(=O)CCN(*)C(C)C(N)=O,0.6,0.1,0.3,0.389830508
*CCC(=O)OCC(C)(C)COC(=O)CCN(*)CCN,*CCC(=O)OCC(C)(C)COC(=O)CCN(*)CCCCCCCC,*CCC(=O)OCC(C)(C)COC(=O)CCN(*)C(C)C(N)=O,0.6,0.3,0.1,1.082
*CCC(=O)OCC(C)(C)COC(=O)CCN(*)CCN,*CCC(=O)OCC(C)(C)COC(=O)CCN(*)CCCCCCCC,*CCC(=O)OCC(C)(C)COC(=O)CCN(*)C(C)C(N)=O,0.8,0.1,0.1,0.642747083
*CCC(=O)OCC(C)(C)COC(=O)CCN(*)CCN,*CCC(=O)OCC(C)(C)COC(=O)CCN(*)CCCCCCCCCC,*CCC(=O)OCC(C)(C)COC(=O)CCN(*)CCOCCOCCOCCOCCOCCO,0.8,0.1,0.1,0.297
*CCC(=O)OCC(C)(C)COC(=O)CCN(*)CCN,*CCC(=O)OCC(C)(C)COC(=O)CCN(*)CCCCCCCCCC,*CCC(=O)OCC(C)(C)COC(=O)CCN(*)CC(C)(C)C(N)=O,0.4,0.4,0.2,1.284
*CCC(=O)OCC(C)(C)COC(=O)CCN(*)CCN,*CCC(=O)OCC(C)(C)COC(=O)CCN(*)CCCCCCCCCC,*CCC(=O)OCC(C)(C)COC(=O)CCN(*)CC(C)(C)C(N)=O,0.6,0.3,0.1,0.801
*CCC(=O)OCC(C)(C)COC(=O)CCN(*)CCN,*CCC(=O)OCC(C)(C)COC(=O)CCN(*)CCCCCCCCCC,*CCC(=O)OCC(C)(C)COC(=O)CCN(*)CC(C)(C)C(N)=O,0.8,0.1,0.1,0.449
*CCC(=O)OCC(C)(C)COC(=O)CCN(*)CCN,*CCC(=O)OCC(C)(C)COC(=O)CCN(*)CCCCCCCCCC,*CCC(=O)OCC(C)(C)COC(=O)CCN(*)C(C)C(N)=O,0.4,0.4,0.2,0.609
*CCC(=O)OCC(C)(C)COC(=O)CCN(*)CCN,*CCC(=O)OCC(C)(C)COC(=O)CCN(*)CCCCCCCCCC,*CCC(=O)OCC(C)(C)COC(=O)CCN(*)C(C)C(N)=O,0.6,0.3,0.1,0.733
*CCC(=O)OCC(C)(C)COC(=O)CCN(*)CCN,*CCC(=O)OCC(C)(C)COC(=O)CCN(*)CCCCCCCCCC,*CCC(=O)OCC(C)(C)COC(=O)CCN(*)C(C)C(N)=O,0.8,0.1,0.1,0.493
*CCC(=O)OCC(C)(C)COC(=O)CCN(*)CCN,*CCC(=O)OCC(C)(C)COC(=O)CCN(*)Cc1ccccc1,*CCC(=O)OCC(C)(C)COC(=O)CCN(*)CCOCCOCCOCCO,0.2,0.6,0.2,-0.004381847
*CCC(=O)OCC(C)(C)COC(=O)CCN(*)CCN,*CCC(=O)OCC(C)(C)COC(=O)CCN(*)Cc1ccccc1,*CCC(=O)OCC(C)(C)COC(=O)CCN(*)CC(C)(C)C(N)=O,0.2,0.6,0.2,-0.015023474
*CCC(=O)OCC(C)(C)COC(=O)CCN(*)CCN,*CCC(=O)OCC(C)(C)COC(=O)CCN(*)CCCCc1ccccc1,*CCC(=O)OCC(C)(C)COC(=O)CCN(*)CC(C)(C)C(N)=O,0.8,0.1,0.1,0.482
*CCC(=O)OCC(C)(C)COC(=O)CCN(*)CCN,*CCC(=O)OCC(C)(C)COC(=O)CCN(*)CCCCc1ccccc1,*CCC(=O)OCC(C)(C)COC(=O)CCN(*)C(C)C(N)=O,0.8,0.1,0.1,0.278
*CCC(=O)OCC(C)(C)COC(=O)CCN(*)CCN,*CCC(=O)OCC(C)(C)COC(=O)CCN(*)CC(CC)CCCC,*CCC(=O)OCC(C)(C)COC(=O)CCN(*)CCOCCOCCOCCOCCOCCO,0.6,0.3,0.1,0.93732479
*CCC(=O)OCC(C)(C)COC(=O)CCN(*)CCN,*CCC(=O)OCC(C)(C)COC(=O)CCN(*)CC(CC)CCCC,*CCC(=O)OCC(C)(C)COC(=O)CCN(*)CCOCCOCCOCCOCCOCCO,0.8,0.1,0.1,0.204
*CCC(=O)OCC(C)(C)COC(=O)CCN(*)CCN,*CCC(=O)OCC(C)(C)COC(=O)CCN(*)CC(CC)CCCC,*CCC(=O)OCC(C)(C)COC(=O)CCN(*)CC(C)(C)C(N)=O,0.6,0.1,0.3,0.565
*CCC(=O)OCC(C)(C)COC(=O)CCN(*)CCN,*CCC(=O)OCC(C)(C)COC(=O)CCN(*)CC(CC)CCCC,*CCC(=O)OCC(C)(C)COC(=O)CCN(*)CC(C)(C)C(N)=O,0.6,0.3,0.1,0.53601376
*CCC(=O)OCC(C)(C)COC(=O)CCN(*)CCN,*CCC(=O)OCC(C)(C)COC(=O)CCN(*)CC(CC)CCCC,*CCC(=O)OCC(C)(C)COC(=O)CCN(*)CC(C)(C)C(N)=O,0.8,0.1,0.1,0.395398839
*CCC(=O)OCC(C)(C)COC(=O)CCN(*)CCN,*CCC(=O)OCC(C)(C)COC(=O)CCN(*)CC(CC)CCCC,*CCC(=O)OCC(C)(C)COC(=O)CCN(*)C(C)C(N)=O,0.6,0.1,0.3,0.955535989
*CCC(=O)OCC(C)(C)COC(=O)CCN(*)CCN,*CCC(=O)OCC(C)(C)COC(=O)CCN(*)CC(CC)CCCC,*CCC(=O)OCC(C)(C)COC(=O)CCN(*)C(C)C(N)=O,0.6,0.3,0.1,0.928
*CCC(=O)OCC(C)(C)COC(=O)CCN(*)CCN,*CCC(=O)OCC(C)(C)COC(=O)CCN(*)CC(CC)CCCC,*CCC(=O)OCC(C)(C)COC(=O)CCN(*)C(C)C(N)=O,0.8,0.1,0.1,0.262094173
*CCC(=O)OCC(C)(C)COC(=O)CCN(*)CCN,*CCC(=O)OCC(C)(C)COC(=O)CCN(*)CCC(OCC)OCC,*CCC(=O)OCC(C)(C)COC(=O)CCN(*)CCOCCOCCOCCO,0.4,0.4,0.2,0.008888889
*CCC(=O)OCC(C)(C)COC(=O)CCN(*)CCN,*CCC(=O)OCC(C)(C)COC(=O)CCN(*)CC(C)(C)O,*CCC(=O)OCC(C)(C)COC(=O)CCN(*)CCOCCOCCOCCOCCOCCO,0.6,0.3,0.1,0.282
*CCC(=O)OCC(C)(C)COC(=O)CCN(*)CCN,*CCC(=O)OCC(C)(C)COC(=O)CCN(*)CC(C)(C)O,*CCC(=O)OCC(C)(C)COC(=O)CCN(*)CCOCCOCCOCCOCCOCCO,0.8,0.1,0.1,0.126
*CCC(=O)OCC(C)(C)COC(=O)CCN(*)CCN,*CCC(=O)OCC(C)(C)COC(=O)CCN(*)CC(C)(C)O,*CCC(=O)OCC(C)(C)COC(=O)CCN(*)CC(C)(C)C(N)=O,0.4,0.4,0.2,0.443
*CCC(=O)OCC(C)(C)COC(=O)CCN(*)CCN,*CCC(=O)OCC(C)(C)COC(=O)CCN(*)CC(C)(C)O,*CCC(=O)OCC(C)(C)COC(=O)CCN(*)CC(C)(C)C(N)=O,0.6,0.1,0.3,0.353
*CCC(=O)OCC(C)(C)COC(=O)CCN(*)CCN,*CCC(=O)OCC(C)(C)COC(=O)CCN(*)CC(C)(C)O,*CCC(=O)OCC(C)(C)COC(=O)CCN(*)CC(C)(C)C(N)=O,0.6,0.3,0.1,0.502
*CCC(=O)OCC(C)(C)COC(=O)CCN(*)CCN,*CCC(=O)OCC(C)(C)COC(=O)CCN(*)CC(C)(C)O,*CCC(=O)OCC(C)(C)COC(=O)CCN(*)CC(C)(C)C(N)=O,0.8,0.1,0.1,0.109
*CCC(=O)OCC(C)(C)COC(=O)CCN(*)CCN,*CCC(=O)OCC(C)(C)COC(=O)CCN(*)CC(C)(C)O,*CCC(=O)OCC(C)(C)COC(=O)CCN(*)C(C)C(N)=O,0.4,0.4,0.2,0.379
*CCC(=O)OCC(C)(C)COC(=O)CCN(*)CCN,*CCC(=O)OCC(C)(C)COC(=O)CCN(*)CC(C)(C)O,*CCC(=O)OCC(C)(C)COC(=O)CCN(*)C(C)C(N)=O,0.6,0.1,0.3,0.295
*CCC(=O)OCC(C)(C)COC(=O)CCN(*)CCN,*CCC(=O)OCC(C)(C)COC(=O)CCN(*)CC(C)(C)O,*CCC(=O)OCC(C)(C)COC(=O)CCN(*)C(C)C(N)=O,0.6,0.3,0.1,0.309
*CCC(=O)OCC(C)(C)COC(=O)CCN(*)CCN,*CCC(=O)OCC(C)(C)COC(=O)CCN(*)CC(C)(C)O,*CCC(=O)OCC(C)(C)COC(=O)CCN(*)C(C)C(N)=O,0.8,0.1,0.1,0.852
*CCC(=O)OCC(C)(C)COC(=O)CCN(*)CCN,*CCC(=O)OCC(C)(C)COC(=O)CCN(*)CC(F)(F)C(F)(F)C(F)(F)F,*CCC(=O)OCC(C)(C)COC(=O)CCN(*)CCOCCOCCOCCOCCOCCO,0.2,0.2,0.6,0.014021909
*CCC(=O)OCC(C)(C)COC(=O)CCN(*)CCN,*CCC(=O)OCC(C)(C)COC(=O)CCN(*)CC(F)(F)C(F)(F)C(F)(F)F,*CCC(=O)OCC(C)(C)COC(=O)CCN(*)CCOCCOCCOCCOCCOCCO,0.4,0.4,0.2,0.082
*CCC(=O)OCC(C)(C)COC(=O)CCN(*)CCN,*CCC(=O)OCC(C)(C)COC(=O)CCN(*)CC(F)(F)C(F)(F)C(F)(F)F,*CCC(=O)OCC(C)(C)COC(=O)CCN(*)CCOCCOCCOCCOCCOCCO,0.6,0.1,0.3,0.129
*CCC(=O)OCC(C)(C)COC(=O)CCN(*)CCN,*CCC(=O)OCC(C)(C)COC(=O)CCN(*)CC(F)(F)C(F)(F)C(F)(F)F,*CCC(=O)OCC(C)(C)COC(=O)CCN(*)CCOCCOCCOCCOCCOCCO,0.6,0.3,0.1,0.209553159
*CCC(=O)OCC(C)(C)COC(=O)CCN(*)CCN,*CCC(=O)OCC(C)(C)COC(=O)CCN(*)CC(F)(F)C(F)(F)C(F)(F)F,*CCC(=O)OCC(C)(C)COC(=O)CCN(*)CCOCCOCCOCCOCCOCCO,0.8,0.1,0.1,0.065
*CCC(=O)OCC(C)(C)COC(=O)CCN(*)CCN,*CCC(=O)OCC(C)(C)COC(=O)CCN(*)CC(F)(F)C(F)(F)C(F)(F)F,*CCC(=O)OCC(C)(C)COC(=O)CCN(*)CC(C)(C)C(N)=O,0.2,0.6,0.2,0.053
*CCC(=O)OCC(C)(C)COC(=O)CCN(*)CCN,*CCC(=O)OCC(C)(C)COC(=O)CCN(*)CC(F)(F)C(F)(F)C(F)(F)F,*CCC(=O)OCC(C)(C)COC(=O)CCN(*)CC(C)(C)C(N)=O,0.4,0.2,0.4,0.054
*CCC(=O)OCC(C)(C)COC(=O)CCN(*)CCN,*CCC(=O)OCC(C)(C)COC(=O)CCN(*)CC(F)(F)C(F)(F)C(F)(F)F,*CCC(=O)OCC(C)(C)COC(=O)CCN(*)CC(C)(C)C(N)=O,0.4,0.4,0.2,0.069
*CCC(=O)OCC(C)(C)COC(=O)CCN(*)CCN,*CCC(=O)OCC(C)(C)COC(=O)CCN(*)CC(F)(F)C(F)(F)C(F)(F)F,*CCC(=O)OCC(C)(C)COC(=O)CCN(*)CC(C)(C)C(N)=O,0.6,0.1,0.3,0.031
*CCC(=O)OCC(C)(C)COC(=O)CCN(*)CCN,*CCC(=O)OCC(C)(C)COC(=O)CCN(*)CC(F)(F)C(F)(F)C(F)(F)F,*CCC(=O)OCC(C)(C)COC(=O)CCN(*)CC(C)(C)C(N)=O,0.6,0.3,0.1,0.05
*CCC(=O)OCC(C)(C)COC(=O)CCN(*)CCN,*CCC(=O)OCC(C)(C)COC(=O)CCN(*)CC(F)(F)C(F)(F)C(F)(F)F,*CCC(=O)OCC(C)(C)COC(=O)CCN(*)CC(C)(C)C(N)=O,0.8,0.1,0.1,0.05
*CCC(=O)OCC(C)(C)COC(=O)CCN(*)CCN,*CCC(=O)OCC(C)(C)COC(=O)CCN(*)CC(F)(F)C(F)(F)C(F)(F)F,*CCC(=O)OCC(C)(C)COC(=O)CCN(*)C(C)C(N)=O,0.2,0.6,0.2,0.03
*CCC(=O)OCC(C)(C)COC(=O)CCN(*)CCN,*CCC(=O)OCC(C)(C)COC(=O)CCN(*)CC(F)(F)C(F)(F)C(F)(F)F,*CCC(=O)OCC(C)(C)COC(=O)CCN(*)C(C)C(N)=O,0.4,0.4,0.2,0.117
*CCC(=O)OCC(C)(C)COC(=O)CCN(*)CCN,*CCC(=O)OCC(C)(C)COC(=O)CCN(*)CC(F)(F)C(F)(F)C(F)(F)F,*CCC(=O)OCC(C)(C)COC(=O)CCN(*)C(C)C(N)=O,0.6,0.1,0.3,0.127
*CCC(=O)OCC(C)(C)COC(=O)CCN(*)CCN,*CCC(=O)OCC(C)(C)COC(=O)CCN(*)CC(F)(F)C(F)(F)C(F)(F)F,*CCC(=O)OCC(C)(C)COC(=O)CCN(*)C(C)C(N)=O,0.6,0.3,0.1,0.063
*CCC(=O)OCC(C)(C)COC(=O)CCN(*)CCN,*CCC(=O)OCC(C)(C)COC(=O)CCN(*)CC(F)(F)C(F)(F)C(F)(F)F,*CCC(=O)OCC(C)(C)COC(=O)CCN(*)C(C)C(N)=O,0.8,0.1,0.1,0.416905129
*CCC(=O)OCC(C)(C)COC(=O)CCN(*)CC(C)(C)CN,*CCC(=O)OCC(C)(C)COC(=O)CCN(*)CCCCCCCCCC,*CCC(=O)OCC(C)(C)COC(=O)CCN(*)CCOCCOCCOCCO,0.2,0.2,0.6,0.021158059
*CCC(=O)OCC(C)(C)COC(=O)CCN(*)CCCCCN,*CCC(=O)OCC(C)(C)COC(=O)CCN(*)CCCCCC,*CCC(=O)OCC(C)(C)COC(=O)CCN(*)CCOCCOCCOCCOCCOCCO,0.4,0.4,0.2,0.870845014
*CCC(=O)OCC(C)(C)COC(=O)CCN(*)CCCCCN,*CCC(=O)OCC(C)(C)COC(=O)CCN(*)CC(CC)CCCC,*CCC(=O)OCC(C)(C)COC(=O)CCN(*)CCOCCOCCOCCO,0.4,0.4,0.2,0.432676056
*CCC(=O)OCC(C)(C)COC(=O)CCN(*)CCCCCN,*CCC(=O)OCC(C)(C)COC(=O)CCN(*)CC(CC)CCCC,*CCC(=O)OCC(C)(C)COC(=O)CCN(*)CCOCCOCCOCCOCCOCCO,0.2,0.6,0.2,0.721265519
*CCC(=O)OCC(C)(C)COC(=O)CCN(*)CCCCCN,*CCC(=O)OCC(C)(C)COC(=O)CCN(*)CC(CC)CCCC,*CCC(=O)OCC(C)(C)COC(=O)CCN(*)CCOCCOCCOCCOCCOCCO,0.4,0.4,0.2,1.00700841
*CCC(=O)OCC(C)(C)COC(=O)CCN(*)CCCCCN,*CCC(=O)OCC(C)(C)COC(=O)CCN(*)CC(CC)CCCC,*CCC(=O)OCC(C)(C)COC(=O)CCN(*)CCOCCOCCOCCOCCOCCO,0.6,0.3,0.1,0.780736884
*CCC(=O)OCC(C)(C)COC(=O)CCN(*)CCCCCN,*CCC(=O)OCC(C)(C)COC(=O)CCN(*)CC(CC)CCCC,*CCC(=O)OCC(C)(C)COC(=O)CCN(*)CCOCCOCCOCCOCCOCCO,0.8,0.1,0.1,0.906487785
*CCC(=O)OCC(C)(C)COC(=O)CCN(*)CCCCCN,*CCC(=O)OCC(C)(C)COC(=O)CCN(*)CC(CC)CCCC,*CCC(=O)OCC(C)(C)COC(=O)CCN(*)CC(C)(C)C(N)=O,0.6,0.3,0.1,1.077492992
*CCC(=O)OCC(C)(C)COC(=O)CCN(*)CCCCCN,*CCC(=O)OCC(C)(C)COC(=O)CCN(*)CCCCCO,*CCC(=O)OCC(C)(C)COC(=O)CCN(*)CCOCCOCCOCCOCCOCCO,0.4,0.4,0.2,0.135162195
*CCC(=O)OCC(C)(C)COC(=O)CCN(*)CCCCCCCCN,*CCC(=O)OCC(C)(C)COC(=O)CCN(*)CCCCCCCC,*CCC(=O)OCC(C)(C)COC(=O)CCN(*)CCOCCOCCOCCOCCOCCO,0.4,0.4,0.2,0.359061033
*CCC(=O)OCC(C)(C)COC(=O)CCN(*)CCCCCCCCN,*CCC(=O)OCC(C)(C)COC(=O)CCN(*)CC(C)(C)O,*CCC(=O)OCC(C)(C)COC(=O)CCN(*)CCOCCOCCO,0.4,0.4,0.2,0.470234742
*CCC(=O)OCC(C)(C)COC(=O)CCN(*)CCCCCCCCN,*CCC(=O)OCC(C)(C)COC(=O)CCN(*)CCCOC,*CCC(=O)OCC(C)(C)COC(=O)CCN(*)CCOCCOCCO,0.2,0.6,0.2,0.006384977
*CCC(=O)OCC(C)(C)COC(=O)CCN(*)CCOCCOCCN,*CCC(=O)OCC(C)(C)COC(=O)CCN(*)CCC1CCCCC1,*CCC(=O)OCC(C)(C)COC(=O)CCN(*)CC(O)CO,0.4,0.4,0.2,0.327762128
*CCC(=O)OCC(C)(C)COC(=O)CCN(*)CCOCCOCCN,*CCC(=O)OCC(C)(C)COC(=O)CCN(*)CCCc1ccccc1,*CCC(=O)OCC(C)(C)COC(=O)CCN(*)CCOCCOCCOCCOCCOCCO,0.2,0.2,0.6,0.034804382
*CCC(=O)OCC(C)(C)COC(=O)CCN(*)CCOCCOCCOCCOCCN,*CCC(=O)OCC(C)(C)COC(=O)CCN(*)CCC(C)C,*CCC(=O)OCC(C)(C)COC(=O)CCN(*)CC(C)(C)C(N)=O,0.4,0.4,0.2,0.027793427
*CCC(=O)OCC(C)(C)COC(=O)CCN(*)CCOCCOCCOCCOCCN,*CCC(=O)OCC(C)(C)COC(=O)CCN(*)CC(CC)CCCC,*CCC(=O)OCC(C)(C)COC(=O)CCN(*)CC(O)CO,0.2,0.2,0.6,0.204788701
*CCC(=O)OCC(C)(C)COC(=O)CCN(*)CCOCCOCCOCCOCCN,*CCC(=O)OCC(C)(C)COC(=O)CCN(*)CC(CC)CCCC,*CCC(=O)OCC(C)(C)COC(=O)CCN(*)CC(O)CO,0.2,0.4,0.4,0.179079775
*CCC(=O)OCC(C)(C)COC(=O)CCN(*)CCOCCOCCOCCOCCN,*CCC(=O)OCC(C)(C)COC(=O)CCN(*)CC(CC)CCCC,*CCC(=O)OCC(C)(C)COC(=O)CCN(*)CC(O)CO,0.2,0.6,0.2,0.113317886
*CCC(=O)OCC(C)(C)COC(=O)CCN(*)CCOCCOCCOCCOCCN,*CCC(=O)OCC(C)(C)COC(=O)CCN(*)CC(CC)CCCC,*CCC(=O)OCC(C)(C)COC(=O)CCN(*)CC(O)CO,0.4,0.2,0.4,0.262937217
*CCC(=O)OCC(C)(C)COC(=O)CCN(*)CCOCCOCCOCCOCCN,*CCC(=O)OCC(C)(C)COC(=O)CCN(*)CC(CC)CCCC,*CCC(=O)OCC(C)(C)COC(=O)CCN(*)CC(O)CO,0.4,0.4,0.2,0.441465299
*CCC(=O)OCC(C)(C)COC(=O)CCN(*)CCOCCOCCOCCOCCN,*CCC(=O)OCC(C)(C)COC(=O)CCN(*)CC(CC)CCCC,*CCC(=O)OCC(C)(C)COC(=O)CCN(*)CC(O)CO,0.6,0.1,0.3,0.033542977
*CCC(=O)OCC(C)(C)COC(=O)CCN(*)CCOCCOCCOCCOCCN,*CCC(=O)OCC(C)(C)COC(=O)CCN(*)CC(CC)CCCC,*CCC(=O)OCC(C)(C)COC(=O)CCN(*)CC(O)CO,0.6,0.3,0.1,0.004634227
*CCC(=O)OCC(C)(C)COC(=O)CCN(*)CCOCCOCCOCCOCCN,*CCC(=O)OCC(C)(C)COC(=O)CCN(*)CC(CC)CCCC,*CCC(=O)OCC(C)(C)COC(=O)CCN(*)CC(O)CO,0.8,0.1,0.1,0.008165067
*CCC(=O)OCC(C)(C)COC(=O)CCN(*)CCOCCOCCOCCOCCN,*CCC(=O)OCC(C)(C)COC(=O)CCN(*)CCC(OCC)OCC,*CCC(=O)OCC(C)(C)COC(=O)CCN(*)C(C)C(N)=O,0.2,0.2,0.6,-0.014898279
*CCC(=O)OCCCCOC(=O)CCN(*)CCN(C)C,*CCC(=O)OCCCCOC(=O)CCN(*)CC(C)(C)O,*CCC(=O)OCCCCOC(=O)CCN(*)CC(O)CO,0.4,0.4,0.2,0.03969
*CCC(=O)OCCCCOC(=O)CCN(*)CCCN(CCCC)CCCC,*CCC(=O)OCCCCOC(=O)CCN(*)CCCCCCCCCC,*CCC(=O)OCCCCOC(=O)CCN(*)CC(C)(C)C(N)=O,0.2,0.6,0.2,0.05393
*CCC(=O)OCCCCOC(=O)CCN(*)CCCN(CCCC)CCCC,*CCC(=O)OCCCCOC(=O)CCN(*)Cc1ccc(OC)cc1,*CCC(=O)OCCCCOC(=O)CCN(*)CCOCCOCCO,0.4,0.4,0.2,0.04113
*CCC(=O)OCCCCOC(=O)CCN(*)CCN1CCCC1,*CCC(=O)OCCCCOC(=O)CCN(*)CCCCCCCCCC,*CCC(=O)OCCCCOC(=O)CCN(*)CC(C)(C)C(N)=O,0.6,0.3,0.1,1.136764117
*CCC(=O)OCCCCOC(=O)CCN(*)CCN1CCCC1,*CCC(=O)OCCCCOC(=O)CCN(*)CC(CC)CCCC,*CCC(=O)OCCCCOC(=O)CCN(*)CCOCCOCCOCCO,0.4,0.4,0.2,0.65775
*CCC(=O)OCCCCOC(=O)CCN(*)CCN1CCCCC1,*CCC(=O)OCCCCOC(=O)CCN(*)CCCCCCCC,*CCC(=O)OCCCCOC(=O)CCN(*)CCOCCOCCO,0.6,0.3,0.1,1.010345587
*CCC(=O)OCCCCOC(=O)CCN(*)CCN1CCCCC1,*CCC(=O)OCCCCOC(=O)CCN(*)CCCCCCCC,*CCC(=O)OCCCCOC(=O)CCN(*)CCOCCOCCO,0.8,0.1,0.1,0.40303764
*CCC(=O)OCCCCOC(=O)CCN(*)CCN1CCCCC1,*CCC(=O)OCCCCOC(=O)CCN(*)CCCCCCCC,*CCC(=O)OCCCCOC(=O)CCN(*)CCOCCOCCOCCO,0.2,0.2,0.6,0.526280437
*CCC(=O)OCCCCOC(=O)CCN(*)CCN1CCCCC1,*CCC(=O)OCCCCOC(=O)CCN(*)CCCCCCCC,*CCC(=O)OCCCCOC(=O)CCN(*)CCOCCOCCOCCO,0.2,0.4,0.4,0.690008396
*CCC(=O)OCCCCOC(=O)CCN(*)CCN1CCCCC1,*CCC(=O)OCCCCOC(=O)CCN(*)CCCCCCCC,*CCC(=O)OCCCCOC(=O)CCN(*)CCOCCOCCOCCO,0.2,0.6,0.2,0.532661629
*CCC(=O)OCCCCOC(=O)CCN(*)CCN1CCCCC1,*CCC(=O)OCCCCOC(=O)CCN(*)CCCCCCCC,*CCC(=O)OCCCCOC(=O)CCN(*)CCOCCOCCOCCO,0.4,0.2,0.4,1.034256927
*CCC(=O)OCCCCOC(=O)CCN(*)CCN1CCCCC1,*CCC(=O)OCCCCOC(=O)CCN(*)CCCCCCCC,*CCC(=O)OCCCCOC(=O)CCN(*)CCOCCOCCOCCO,0.4,0.4,0.2,0.671872376
*CCC(=O)OCCCCOC(=O)CCN(*)CCN1CCCCC1,*CCC(=O)OCCCCOC(=O)CCN(*)CCCCCCCC,*CCC(=O)OCCCCOC(=O)CCN(*)CCOCCOCCOCCO,0.6,0.1,0.3,0.384214945
*CCC(=O)OCCCCOC(=O)CCN(*)CCN1CCCCC1,*CCC(=O)OCCCCOC(=O)CCN(*)CCCCCCCC,*CCC(=O)OCCCCOC(=O)CCN(*)CCOCCOCCOCCO,0.6,0.3,0.1,0.784382872
*CCC(=O)OCCCCOC(=O)CCN(*)CCN1CCCCC1,*CCC(=O)OCCCCOC(=O)CCN(*)CCCCCCCC,*CCC(=O)OCCCCOC(=O)CCN(*)CCOCCOCCOCCO,0.8,0.1,0.1,0.657430731
*CCC(=O)OCCCCOC(=O)CCN(*)CCN1CCCCC1,*CCC(=O)OCCCCOC(=O)CCN(*)CCCCCCCC,*CCC(=O)OCCCCOC(=O)CCN(*)CCOCCOCCOCCOCCOCCO,0.4,0.4,0.2,1.111734081
*CCC(=O)OCCCCOC(=O)CCN(*)CCN1CCCCC1,*CCC(=O)OCCCCOC(=O)CCN(*)CCCCCCCC,*CCC(=O)OCCCCOC(=O)CCN(*)CCOCCOCCOCCOCCOCCO,0.6,0.3,0.1,1.081497797
*CCC(=O)OCCCCOC(=O)CCN(*)CCN1CCCCC1,*CCC(=O)OCCCCOC(=O)CCN(*)CCCCCCCC,*CCC(=O)OCCCCOC(=O)CCN(*)CC(C)(C)C(N)=O,0.4,0.4,0.2,0.957376371
*CCC(=O)OCCCCOC(=O)CCN(*)CCN1CCCCC1,*CCC(=O)OCCCCOC(=O)CCN(*)CCCCCCCC,*CCC(=O)OCCCCOC(=O)CCN(*)CC(C)(C)C(N)=O,0.6,0.3,0.1,1.087905487
*CCC(=O)OCCCCOC(=O)CCN(*)CCN1CCCCC1,*CCC(=O)OCCCCOC(=O)CCN(*)CCCCCCCC,*CCC(=O)OCCCCOC(=O)CCN(*)CC(C)(C)C(N)=O,0.8,0.1,0.1,1.016729034
*CCC(=O)OCCCCOC(=O)CCN(*)CCN1CCCCC1,*CCC(=O)OCCCCOC(=O)CCN(*)CCCCCCCC,*CCC(=O)OCCCCOC(=O)CCN(*)C(C)C(N)=O,0.4,0.4,0.2,1.029456031
*CCC(=O)OCCCCOC(=O)CCN(*)CCN1CCCCC1,*CCC(=O)OCCCCOC(=O)CCN(*)CCCCCCCC,*CCC(=O)OCCCCOC(=O)CCN(*)C(C)C(N)=O,0.8,0.1,0.1,0.723930338
*CCC(=O)OCCCCOC(=O)CCN(*)CCN1CCCCC1,*CCC(=O)OCCCCOC(=O)CCN(*)CCCCCCCCCC,*CCC(=O)OCCCCOC(=O)CCN(*)CCOCCOCCO,0.4,0.4,0.2,0.879991724
*CCC(=O)OCCCCOC(=O)CCN(*)CCN1CCCCC1,*CCC(=O)OCCCCOC(=O)CCN(*)CCCCCCCCCC,*CCC(=O)OCCCCOC(=O)CCN(*)CCOCCOCCOCCO,0.2,0.6,0.2,0.089665275
*CCC(=O)OCCCCOC(=O)CCN(*)CCN1CCCCC1,*CCC(=O)OCCCCOC(=O)CCN(*)CCCCCCCCCC,*CCC(=O)OCCCCOC(=O)CCN(*)CCOCCOCCOCCO,0.4,0.4,0.2,0.945375543
*CCC(=O)OCCCCOC(=O)CCN(*)CCN1CCCCC1,*CCC(=O)OCCCCOC(=O)CCN(*)CCCCCCCCCC,*CCC(=O)OCCCCOC(=O)CCN(*)CCOCCOCCOCCOCCOCCO,0.2,0.2,0.6,0.055665071
*CCC(=O)OCCCCOC(=O)CCN(*)CCN1CCCCC1,*CCC(=O)OCCCCOC(=O)CCN(*)CCCCCCCCCC,*CCC(=O)OCCCCOC(=O)CCN(*)CCOCCOCCOCCOCCOCCO,0.4,0.4,0.2,0.364569362
*CCC(=O)OCCCCOC(=O)CCN(*)CCN1CCCCC1,*CCC(=O)OCCCCOC(=O)CCN(*)CCCCCCCCCC,*CCC(=O)OCCCCOC(=O)CCN(*)CCOCCOCCOCCOCCOCCO,0.6,0.3,0.1,1.068280571
*CCC(=O)OCCCCOC(=O)CCN(*)CCN1CCCCC1,*CCC(=O)OCCCCOC(=O)CCN(*)CCCCCCCCCC,*CCC(=O)OCCCCOC(=O)CCN(*)CC(O)CO,0.2,0.2,0.6,0.295428704
*CCC(=O)OCCCCOC(=O)CCN(*)CCN1CCCCC1,*CCC(=O)OCCCCOC(=O)CCN(*)CCCCCCCCCC,*CCC(=O)OCCCCOC(=O)CCN(*)CC(O)CO,0.4,0.4,0.2,0.802400166
*CCC(=O)OCCCCOC(=O)CCN(*)CCN1CCCCC1,*CCC(=O)OCCCCOC(=O)CCN(*)CCCCCCCCCC,*CCC(=O)OCCCCOC(=O)CCN(*)CC(C)(C)C(N)=O,0.4,0.4,0.2,0.725636251
*CCC(=O)OCCCCOC(=O)CCN(*)CCN1CCCCC1,*CCC(=O)OCCCCOC(=O)CCN(*)CCCCCCCCCC,*CCC(=O)OCCCCOC(=O)CCN(*)CC(C)(C)C(N)=O,0.6,0.3,0.1,1.116139367
*CCC(=O)OCCCCOC(=O)CCN(*)CCN1CCCCC1,*CCC(=O)OCCCCOC(=O)CCN(*)CCCCCCCCCC,*CCC(=O)OCCCCOC(=O)CCN(*)C(C)C(N)=O,0.4,0.4,0.2,0.777157045
*CCC(=O)OCCCCOC(=O)CCN(*)CCN1CCCCC1,*CCC(=O)OCCCCOC(=O)CCN(*)Cc1ccccc1,*CCC(=O)OCCCCOC(=O)CCN(*)CC(C)(C)C(N)=O,0.4,0.4,0.2,0.726670805
*CCC(=O)OCCCCOC(=O)CCN(*)CCN1CCCCC1,*CCC(=O)OCCCCOC(=O)CCN(*)CCCc1ccccc1,*CCC(=O)OCCCCOC(=O)CCN(*)CC(C)(C)C(N)=O,0.4,0.2,0.4,0.498241258
*CCC(=O)OCCCCOC(=O)CCN(*)CCN1CCCCC1,*CCC(=O)OCCCCOC(=O)CCN(*)CCCc1ccccc1,*CCC(=O)OCCCCOC(=O)CCN(*)CC(C)(C)C(N)=O,0.4,0.4,0.2,0.724808607
*CCC(=O)OCCCCOC(=O)CCN(*)CCN1CCCCC1,*CCC(=O)OCCCCOC(=O)CCN(*)CCCc1ccccc1,*CCC(=O)OCCCCOC(=O)CCN(*)CC(C)(C)C(N)=O,0.6,0.3,0.1,1.006414235
*CCC(=O)OCCCCOC(=O)CCN(*)CCN1CCCCC1,*CCC(=O)OCCCCOC(=O)CCN(*)CCC(C)C,*CCC(=O)OCCCCOC(=O)CCN(*)CC(C)(C)C(N)=O,0.4,0.4,0.2,0.69770329
*CCC(=O)OCCCCOC(=O)CCN(*)CCN1CCCCC1,*CCC(=O)OCCCCOC(=O)CCN(*)Cc1ccc(OC)cc1,*CCC(=O)OCCCCOC(=O)CCN(*)CCOCCOCCOCCOCCOCCO,0.4,0.4,0.2,0.215807987
*CCC(=O)OCCCCOC(=O)CCN(*)CCN1CCCCC1,*CCC(=O)OCCCCOC(=O)CCN(*)Cc1ccc(OC)cc1,*CCC(=O)OCCCCOC(=O)CCN(*)CCOCCOCCOCCOCCOCCO,0.6,0.3,0.1,0.603558866
*CCC(=O)OCCCCOC(=O)CCN(*)CCN1CCCCC1,*CCC(=O)OCCCCOC(=O)CCN(*)CC(C)(C)O,*CCC(=O)OCCCCOC(=O)CCN(*)CCOCCOCCOCCOCCOCCO,0.6,0.3,0.1,0.025656942
*CCC(=O)OCCCCOC(=O)CCN(*)CCN1CCCCC1,*CCC(=O)OCCCCOC(=O)CCN(*)CC(F)(F)C(F)(F)C(F)(F)F,*CCC(=O)OCCCCOC(=O)CCN(*)CCOCCOCCOCCOCCOCCO,0.4,0.4,0.2,0.021518725
*CCC(=O)OCCCCOC(=O)CCN(*)CCN1CCCCC1,*CCC(=O)OCCCCOC(=O)CCN(*)CC(F)(F)C(F)(F)C(F)(F)F,*CCC(=O)OCCCCOC(=O)CCN(*)CCOCCOCCOCCOCCOCCO,0.6,0.3,0.1,0.080281399
*CCC(=O)OCCCCOC(=O)CCN(*)CCN1CCCCC1,*CCC(=O)OCCCCOC(=O)CCN(*)CC(F)(F)C(F)(F)C(F)(F)F,*CCC(=O)OCCCCOC(=O)CCN(*)CCOCCOCCOCCOCCOCCO,0.8,0.1,0.1,0.039313056
*CCC(=O)OCCCCOC(=O)CCN(*)CCCN1CCN(C)CC1,*CCC(=O)OCCCCOC(=O)CCN(*)CCCCCCCCCC,*CCC(=O)OCCCCOC(=O)CCN(*)CCOCCOCCO,0.4,0.4,0.2,0.951582868
*CCC(=O)OCCCCOC(=O)CCN(*)CCCN1CCN(C)CC1,*CCC(=O)OCCCCOC(=O)CCN(*)CCCCCCCCCC,*CCC(=O)OCCCCOC(=O)CCN(*)CCOCCOCCOCCO,0.4,0.4,0.2,0.758741982
*CCC(=O)OCCCCOC(=O)CCN(*)CCCN1CCN(C)CC1,*CCC(=O)OCCCCOC(=O)CCN(*)CCCCCCCCCC,*CCC(=O)OCCCCOC(=O)CCN(*)CCOCCOCCOCCOCCOCCO,0.4,0.4,0.2,0.528243327
*CCC(=O)OCCCCOC(=O)CCN(*)Cc1ccncc1,*CCC(=O)OCCCCOC(=O)CCN(*)CCCCCCCC,*CCC(=O)OCCCCOC(=O)CCN(*)CC(O)CO,0.8,0.1,0.1,0.04885863
*CCC(=O)OCCCCOC(=O)CCN(*)Cc1ccncc1,*CCC(=O)OCCCCOC(=O)CCN(*)CCCCCCCC,*CCC(=O)OCCCCOC(=O)CCN(*)CC(C)(C)C(N)=O,0.8,0.1,0.1,0.059471366
*CCC(=O)OCCCCOC(=O)CCN(*)Cc1ccncc1,*CCC(=O)OCCCCOC(=O)CCN(*)CCCCCCCC,*CCC(=O)OCCCCOC(=O)CCN(*)C(C)C(N)=O,0.8,0.1,0.1,0.068882659
*CCC(=O)OCCCCOC(=O)CCN(*)Cc1ccncc1,*CCC(=O)OCCCCOC(=O)CCN(*)CCCc1ccccc1,*CCC(=O)OCCCCOC(=O)CCN(*)CC(C)(C)C(N)=O,0.6,0.1,0.3,0.015311401
*CCC(=O)OCCCCOC(=O)CCN(*)Cc1ccncc1,*CCC(=O)OCCCCOC(=O)CCN(*)CCCc1ccccc1,*CCC(=O)OCCCCOC(=O)CCN(*)CC(C)(C)C(N)=O,0.6,0.3,0.1,0.01758742
*CCC(=O)OCCCCOC(=O)CCN(*)Cc1ccncc1,*CCC(=O)OCCCCOC(=O)CCN(*)CCCc1ccccc1,*CCC(=O)OCCCCOC(=O)CCN(*)CC(C)(C)C(N)=O,0.8,0.1,0.1,0.013242293
*CCC(=O)OCCCCOC(=O)CCN(*)Cc1ccncc1,*CCC(=O)OCCCCOC(=O)CCN(*)CCCCCO,*CCC(=O)OCCCCOC(=O)CCN(*)CCOCCOCCOCCO,0.4,0.4,0.2,0.02905
*CCC(=O)OCCCCOC(=O)CCN(*)CCc1cccnc1,*CCC(=O)OCCCCOC(=O)CCN(*)CCCCCCCC,*CCC(=O)OCCCCOC(=O)CCN(*)CCOCCOCCOCCOCCOCCO,0.2,0.6,0.2,0.02703
*CCC(=O)OCCCCOC(=O)CCN(*)CCN1CCOCC1,*CCC(=O)OCCCCOC(=O)CCN(*)CC1CCCC1,*CCC(=O)OCCCCOC(=O)CCN(*)CC(C)(C)C(N)=O,0.2,0.2,0.6,0.018904538
*CCC(=O)OCCCCOC(=O)CCN(*)CCN1CCOCC1,*CCC(=O)OCCCCOC(=O)CCN(*)CCC1CCCCC1,*CCC(=O)OCCCCOC(=O)CCN(*)CCOCCOCCOCCOCCOCCO,0.4,0.4,0.2,0.009389671
*CCC(=O)OCCCCOC(=O)CCN(*)CCN1CCOCC1,*CCC(=O)OCCCCOC(=O)CCN(*)CC(C)(C)O,*CCC(=O)OCCCCOC(=O)CCN(*)CCOCCOCCOCCOCCOCCO,0.2,0.6,0.2,0.009640063
*CCC(=O)OCCCCOC(=O)CCN(*)CCN,*CCC(=O)OCCCCOC(=O)CCN(*)CCCCCCCC,*CCC(=O)OCCCCOC(=O)CCN(*)CCOCCOCCOCCOCCOCCO,0.8,0.1,0.1,0.093958289
*CCC(=O)OCCCCOC(=O)CCN(*)CCN,*CCC(=O)OCCCCOC(=O)CCN(*)CCCCCCCC,*CCC(=O)OCCCCOC(=O)CCN(*)CC(C)(C)C(N)=O,0.4,0.4,0.2,0.172895149
*CCC(=O)OCCCCOC(=O)CCN(*)CCN,*CCC(=O)OCCCCOC(=O)CCN(*)CCCCCCCC,*CCC(=O)OCCCCOC(=O)CCN(*)CC(C)(C)C(N)=O,0.6,0.1,0.3,0.195905789
*CCC(=O)OCCCCOC(=O)CCN(*)CCN,*CCC(=O)OCCCCOC(=O)CCN(*)CCCCCCCC,*CCC(=O)OCCCCOC(=O)CCN(*)CC(C)(C)C(N)=O,0.6,0.3,0.1,0.63896676
*CCC(=O)OCCCCOC(=O)CCN(*)CCN,*CCC(=O)OCCCCOC(=O)CCN(*)CCCCCCCC,*CCC(=O)OCCCCOC(=O)CCN(*)CC(C)(C)C(N)=O,0.8,0.1,0.1,0.081497797
*CCC(=O)OCCCCOC(=O)CCN(*)CCN,*CCC(=O)OCCCCOC(=O)CCN(*)CCCCCCCC,*CCC(=O)OCCCCOC(=O)CCN(*)C(C)C(N)=O,0.6,0.1,0.3,0.238828968
*CCC(=O)OCCCCOC(=O)CCN(*)CCN,*CCC(=O)OCCCCOC(=O)CCN(*)CCCCCCCC,*CCC(=O)OCCCCOC(=O)CCN(*)C(C)C(N)=O,0.6,0.3,0.1,0.535549197
*CCC(=O)OCCCCOC(=O)CCN(*)CCN,*CCC(=O)OCCCCOC(=O)CCN(*)CCCCCCCC,*CCC(=O)OCCCCOC(=O)CCN(*)C(C)C(N)=O,0.8,0.1,0.1,0.06514728
*CCC(=O)OCCCCOC(=O)CCN(*)CCN,*CCC(=O)OCCCCOC(=O)CCN(*)CCCCCCCCCC,*CCC(=O)OCCCCOC(=O)CCN(*)CC(C)(C)C(N)=O,0.6,0.3,0.1,0.579094914
*CCC(=O)OCCCCOC(=O)CCN(*)CCN,*CCC(=O)OCCCCOC(=O)CCN(*)CCCCCCCCCC,*CCC(=O)OCCCCOC(=O)CCN(*)CC(C)(C)C(N)=O,0.8,0.1,0.1,0.192431735
*CCC(=O)OCCCCOC(=O)CCN(*)CCN,*CCC(=O)OCCCCOC(=O)CCN(*)Cc1ccccc1,*CCC(=O)OCCCCOC(=O)CCN(*)CCOCCOCCOCCOCCOCCO,0.6,0.3,0.1,0.094351335
*CCC(=O)OCCCCOC(=O)CCN(*)CCN,*CCC(=O)OCCCCOC(=O)CCN(*)CCCc1ccccc1,*CCC(=O)OCCCCOC(=O)CCN(*)CCOCCOCCOCCOCCOCCO,0.6,0.3,0.1,0.380095179
*CCC(=O)OCCCCOC(=O)CCN(*)CCN,*CCC(=O)OCCCCOC(=O)CCN(*)CCCc1ccccc1,*CCC(=O)OCCCCOC(=O)CCN(*)CCOCCOCCOCCOCCOCCO,0.8,0.1,0.1,0.051727705
*CCC(=O)OCCCCOC(=O)CCN(*)CCN,*CCC(=O)OCCCCOC(=O)CCN(*)CCCc1ccccc1,*CCC(=O)OCCCCOC(=O)CCN(*)CC(C)(C)C(N)=O,0.4,0.2,0.4,0.172149803
*CCC(=O)OCCCCOC(=O)CCN(*)CCN,*CCC(=O)OCCCCOC(=O)CCN(*)CCCc1ccccc1,*CCC(=O)OCCCCOC(=O)CCN(*)CC(C)(C)C(N)=O,0.4,0.4,0.2,0.470101386
*CCC(=O)OCCCCOC(=O)CCN(*)CCN,*CCC(=O)OCCCCOC(=O)CCN(*)CCCc1ccccc1,*CCC(=O)OCCCCOC(=O)CCN(*)CC(C)(C)C(N)=O,0.6,0.3,0.1,0.482929857
*CCC(=O)OCCCCOC(=O)CCN(*)CCN,*CCC(=O)OCCCCOC(=O)CCN(*)CC(F)(F)C(F)(F)C(F)(F)F,*CCC(=O)OCCCCOC(=O)CCN(*)CC(C)(C)C(N)=O,0.8,0.1,0.1,0.033237948
*CCC(=O)OCCCCOC(=O)CCN(*)CCN,*CCC(=O)OCCCCOC(=O)CCN(*)CC(F)(F)C(F)(F)C(F)(F)F,*CCC(=O)OCCCCOC(=O)CCN(*)C(C)C(N)=O,0.8,0.1,0.1,0.200308166
*CCC(=O)OCCCCOC(=O)CCN(*)CC(C)(C)CN,*CCC(=O)OCCCCOC(=O)CCN(*)CCCCCC,*CCC(=O)OCCCCOC(=O)CCN(*)C(C)C(N)=O,0.2,0.6,0.2,0.1114241
*CCC(=O)OCCCCOC(=O)CCN(*)CCCCCN,*CCC(=O)OCCCCOC(=O)CCN(*)CCCCCCCCCC,*CCC(=O)OCCCCOC(=O)CCN(*)CCOCCOCCOCCOCCOCCO,0.6,0.3,0.1,0.570039313
*CCC(=O)OCCCCOC(=O)CCN(*)CCCCCN,*CCC(=O)OCCCCOC(=O)CCN(*)CCCc1ccccc1,*CCC(=O)OCCCCOC(=O)CCN(*)CC(C)(C)C(N)=O,0.6,0.1,0.3,0.06041796
*CCC(=O)OCCCCOC(=O)CCN(*)CCCCCN,*CCC(=O)OCCCCOC(=O)CCN(*)CCCc1ccccc1,*CCC(=O)OCCCCOC(=O)CCN(*)CC(C)(C)C(N)=O,0.6,0.3,0.1,0.376370784
*CCC(=O)OCCCCOC(=O)CCN(*)CCOCCOCCN,*CCC(=O)OCCCCOC(=O)CCN(*)CCCCCC,*CCC(=O)OCCCCOC(=O)CCN(*)CCOCCOCCOCCO,0.2,0.6,0.2,0.252143975
*CCC(=O)OCCCCOC(=O)CCN(*)CCOCCOCCOCCOCCN,*CCC(=O)OCCCCOC(=O)CCN(*)CCCCCCCC,*CCC(=O)OCCCCOC(=O)CCN(*)CC(O)CO,0.4,0.4,0.2,0.12056338
*CCC(=O)OCCCCOC(=O)CCN(*)CCOCCOCCOCCOCCN,*CCC(=O)OCCCCOC(=O)CCN(*)CCCCCCCC,*CCC(=O)OCCCCOC(=O)CCN(*)C(C)C(N)=O,0.2,0.6,0.2,0.041815336
*CCC(=O)OCCCCCOC(=O)CCN(*)CCN(C)C,*CCC(=O)OCCCCCOC(=O)CCN(*)CCCCCCCC,*CCC(=O)OCCCCCOC(=O)CCN(*)CC(C)(C)C(N)=O,0.8,0.1,0.1,0.499009465
*CCC(=O)OCCCCCOC(=O)CCN(*)CCN(C)C,*CCC(=O)OCCCCCOC(=O)CCN(*)CCCCCCCC,*CCC(=O)OCCCCCOC(=O)CCN(*)C(C)C(N)=O,0.8,0.1,0.1,0.68412943
*CCC(=O)OCCCCCOC(=O)CCN(*)CCN(C)C,*CCC(=O)OCCCCCOC(=O)CCN(*)CCCCCCCCCC,*CCC(=O)OCCCCCOC(=O)CCN(*)C(C)C(N)=O,0.2,0.2,0.6,0.2449
*CCC(=O)OCCCCCOC(=O)CCN(*)CCN(C)C,*CCC(=O)OCCCCCOC(=O)CCN(*)Cc1ccccc1,*CCC(=O)OCCCCCOC(=O)CCN(*)CC(C)(C)C(N)=O,0.6,0.1,0.3,0.710117939
*CCC(=O)OCCCCCOC(=O)CCN(*)CCN(C)C,*CCC(=O)OCCCCCOC(=O)CCN(*)CCCCCO,*CCC(=O)OCCCCCOC(=O)CCN(*)CC(O)CO,0.4,0.4,0.2,0.22591
*CCC(=O)OCCCCCOC(=O)CCN(*)CCCN(CC)CC,*CCC(=O)OCCCCCOC(=O)CCN(*)CCCCc1ccccc1,*CCC(=O)OCCCCCOC(=O)CCN(*)CCOCCOCCO,0.2,0.6,0.2,0.26071
*CCC(=O)OCCCCCOC(=O)CCN(*)CCCN(CC)CC,*CCC(=O)OCCCCCOC(=O)CCN(*)CCCOC,*CCC(=O)OCCCCCOC(=O)CCN(*)CCOCCOCCO,0.4,0.4,0.2,0.32499
*CCC(=O)OCCCCCOC(=O)CCN(*)CCCN(CCCC)CCCC,*CCC(=O)OCCCCCOC(=O)CCN(*)CCCCCCCCCC,*CCC(=O)OCCCCCOC(=O)CCN(*)CC(O)CO,0.4,0.4,0.2,0.191429716
*CCC(=O)OCCCCCOC(=O)CCN(*)CCCN(CCCC)CCCC,*CCC(=O)OCCCCCOC(=O)CCN(*)CCCCCCCCCC,*CCC(=O)OCCCCCOC(=O)CCN(*)CC(C)(C)C(N)=O,0.4,0.4,0.2,0.299158991
*CCC(=O)OCCCCCOC(=O)CCN(*)CCCN(CCCC)CCCC,*CCC(=O)OCCCCCOC(=O)CCN(*)CCCCCCCCCC,*CCC(=O)OCCCCCOC(=O)CCN(*)CC(C)(C)C(N)=O,0.6,0.3,0.1,0.198438126
*CCC(=O)OCCCCCOC(=O)CCN(*)CCCN(CCCC)CCCC,*CCC(=O)OCCCCCOC(=O)CCN(*)Cc1ccccc1,*CCC(=O)OCCCCCOC(=O)CCN(*)CC(C)(C)C(N)=O,0.2,0.2,0.6,0.13632
*CCC(=O)OCCCCCOC(=O)CCN(*)CCCN(CCCC)CCCC,*CCC(=O)OCCCCCOC(=O)CCN(*)Cc1ccccc1,*CCC(=O)OCCCCCOC(=O)CCN(*)CC(C)(C)C(N)=O,0.8,0.1,0.1,0.176951193
*CCC(=O)OCCCCCOC(=O)CCN(*)CCCN(CCCC)CCCC,*CCC(=O)OCCCCCOC(=O)CCN(*)Cc1ccc(OC)cc1,*CCC(=O)OCCCCCOC(=O)CCN(*)CC(C)(C)C(N)=O,0.6,0.3,0.1,0.158675554
*CCC(=O)OCCCCCOC(=O)CCN(*)CCCN(CCCC)CCCC,*CCC(=O)OCCCCCOC(=O)CCN(*)Cc1ccc(OC)cc1,*CCC(=O)OCCCCCOC(=O)CCN(*)CC(C)(C)C(N)=O,0.8,0.1,0.1,0.159535584
*CCC(=O)OCCCCCOC(=O)CCN(*)CCN1CCCC1,*CCC(=O)OCCCCCOC(=O)CCN(*)CCCCCCCC,*CCC(=O)OCCCCCOC(=O)CCN(*)CC(O)CO,0.4,0.4,0.2,1.067942378
*CCC(=O)OCCCCCOC(=O)CCN(*)CCN1CCCC1,*CCC(=O)OCCCCCOC(=O)CCN(*)CCCCCCCC,*CCC(=O)OCCCCCOC(=O)CCN(*)C(C)C(N)=O,0.8,0.1,0.1,0.975059127
*CCC(=O)OCCCCCOC(=O)CCN(*)CCN1CCCC1,*CCC(=O)OCCCCCOC(=O)CCN(*)CCCCCCCCCC,*CCC(=O)OCCCCCOC(=O)CCN(*)CC(O)CO,0.4,0.4,0.2,0.941008144
*CCC(=O)OCCCCCOC(=O)CCN(*)CCN1CCCC1,*CCC(=O)OCCCCCOC(=O)CCN(*)CCCCCCCCCC,*CCC(=O)OCCCCCOC(=O)CCN(*)CC(C)(C)C(N)=O,0.4,0.4,0.2,0.961919436
*CCC(=O)OCCCCCOC(=O)CCN(*)CCN1CCCC1,*CCC(=O)OCCCCCOC(=O)CCN(*)CCCCCCCCCC,*CCC(=O)OCCCCCOC(=O)CCN(*)CC(C)(C)C(N)=O,0.6,0.3,0.1,1.028834602
*CCC(=O)OCCCCCOC(=O)CCN(*)CCN1CCCC1,*CCC(=O)OCCCCCOC(=O)CCN(*)CCC1CCCCC1,*CCC(=O)OCCCCCOC(=O)CCN(*)CCOCCOCCOCCO,0.2,0.2,0.6,0.27869
*CCC(=O)OCCCCCOC(=O)CCN(*)CCN1CCCCC1,*CCC(=O)OCCCCCOC(=O)CCN(*)CCCCCCCC,*CCC(=O)OCCCCCOC(=O)CCN(*)CCOCCOCCOCCOCCOCCO,0.6,0.3,0.1,1.083852935
*CCC(=O)OCCCCCOC(=O)CCN(*)CCN1CCCCC1,*CCC(=O)OCCCCCOC(=O)CCN(*)CCCCCCCC,*CCC(=O)OCCCCCOC(=O)CCN(*)CC(O)CO,0.2,0.2,0.6,0.04353695
*CCC(=O)OCCCCCOC(=O)CCN(*)CCN1CCCCC1,*CCC(=O)OCCCCCOC(=O)CCN(*)CCCCCCCCCC,*CCC(=O)OCCCCCOC(=O)CCN(*)CCOCCOCCO,0.4,0.4,0.2,0.893902707
*CCC(=O)OCCCCCOC(=O)CCN(*)CCN1CCCCC1,*CCC(=O)OCCCCCOC(=O)CCN(*)CCCCCCCCCC,*CCC(=O)OCCCCCOC(=O)CCN(*)CCOCCOCCOCCOCCOCCO,0.2,0.6,0.2,0.047994294
*CCC(=O)OCCCCCOC(=O)CCN(*)CCN1CCCCC1,*CCC(=O)OCCCCCOC(=O)CCN(*)CCCCCCCCCC,*CCC(=O)OCCCCCOC(=O)CCN(*)CC(O)CO,0.4,0.4,0.2,0.366538886
*CCC(=O)OCCCCCOC(=O)CCN(*)CCN1CCCCC1,*CCC(=O)OCCCCCOC(=O)CCN(*)CCCCCCCCCC,*CCC(=O)OCCCCCOC(=O)CCN(*)CC(O)CO,0.6,0.3,0.1,0.77092511
*CCC(=O)OCCCCCOC(=O)CCN(*)CCN1CCCCC1,*CCC(=O)OCCCCCOC(=O)CCN(*)CCCCCCCCCC,*CCC(=O)OCCCCCOC(=O)CCN(*)CC(C)(C)C(N)=O,0.4,0.4,0.2,1.093098258
*CCC(=O)OCCCCCOC(=O)CCN(*)CCN1CCCCC1,*CCC(=O)OCCCCCOC(=O)CCN(*)CCCCCCCCCC,*CCC(=O)OCCCCCOC(=O)CCN(*)CC(C)(C)C(N)=O,0.6,0.3,0.1,0.668402082
*CCC(=O)OCCCCCOC(=O)CCN(*)CCN1CCCCC1,*CCC(=O)OCCCCCOC(=O)CCN(*)Cc1ccccc1,*CCC(=O)OCCCCCOC(=O)CCN(*)CC(C)(C)C(N)=O,0.4,0.2,0.4,0.530726257
*CCC(=O)OCCCCCOC(=O)CCN(*)CCN1CCCCC1,*CCC(=O)OCCCCCOC(=O)CCN(*)Cc1ccccc1,*CCC(=O)OCCCCCOC(=O)CCN(*)CC(C)(C)C(N)=O,0.4,0.4,0.2,0.739706187
*CCC(=O)OCCCCCOC(=O)CCN(*)CCN1CCCCC1,*CCC(=O)OCCCCCOC(=O)CCN(*)CCC(C)C,*CCC(=O)OCCCCCOC(=O)CCN(*)C(C)C(N)=O,0.2,0.2,0.6,0.4222
*CCC(=O)OCCCCCOC(=O)CCN(*)CCCN1CCN(C)CC1,*CCC(=O)OCCCCCOC(=O)CCN(*)CCCCc1ccccc1,*CCC(=O)OCCCCCOC(=O)CCN(*)CCOCCOCCOCCO,0.2,0.6,0.2,0.10383
*CCC(=O)OCCCCCOC(=O)CCN(*)CCCN1CCN(C)CC1,*CCC(=O)OCCCCCOC(=O)CCN(*)CCCOC,*CCC(=O)OCCCCCOC(=O)CCN(*)CCOCCOCCO,0.4,0.4,0.2,0.10641
*CCC(=O)OCCCCCOC(=O)CCN(*)Cc1ccncc1,*CCC(=O)OCCCCCOC(=O)CCN(*)CC1CCCC1,*CCC(=O)OCCCCCOC(=O)CCN(*)CCOCCOCCOCCOCCOCCO,0.2,0.2,0.6,0.02574
*CCC(=O)OCCCCCOC(=O)CCN(*)Cc1ccncc1,*CCC(=O)OCCCCCOC(=O)CCN(*)CCCc1ccccc1,*CCC(=O)OCCCCCOC(=O)CCN(*)CC(C)(C)C(N)=O,0.6,0.1,0.3,0.022139458
*CCC(=O)OCCCCCOC(=O)CCN(*)Cc1ccncc1,*CCC(=O)OCCCCCOC(=O)CCN(*)CCCc1ccccc1,*CCC(=O)OCCCCCOC(=O)CCN(*)CC(C)(C)C(N)=O,0.6,0.3,0.1,0.015932133
*CCC(=O)OCCCCCOC(=O)CCN(*)Cc1ccncc1,*CCC(=O)OCCCCCOC(=O)CCN(*)CCCc1ccccc1,*CCC(=O)OCCCCCOC(=O)CCN(*)CC(C)(C)C(N)=O,0.8,0.1,0.1,0.01758742
*CCC(=O)OCCCCCOC(=O)CCN(*)Cc1ccncc1,*CCC(=O)OCCCCCOC(=O)CCN(*)CC(CC)CCCC,*CCC(=O)OCCCCCOC(=O)CCN(*)C(C)C(N)=O,0.2,0.2,0.6,0.02042
*CCC(=O)OCCCCCOC(=O)CCN(*)CCc1cccnc1,*CCC(=O)OCCCCCOC(=O)CCN(*)CCC1CCCCC1,*CCC(=O)OCCCCCOC(=O)CCN(*)CCOCCOCCO,0.2,0.6,0.2,0.02473
*CCC(=O)OCCCCCOC(=O)CCN(*)CCc1cccnc1,*CCC(=O)OCCCCCOC(=O)CCN(*)CC(C)(C)O,*CCC(=O)OCCCCCOC(=O)CCN(*)CCOCCOCCOCCO,0.2,0.2,0.6,0.0256
*CCC(=O)OCCCCCOC(=O)CCN(*)CCc1cccnc1,*CCC(=O)OCCCCCOC(=O)CCN(*)CCCOC,*CCC(=O)OCCCCCOC(=O)CCN(*)CCOCCOCCOCCO,0.2,0.2,0.6,0.02459
*CCC(=O)OCCCCCOC(=O)CCN(*)CCN1CCOCC1,*CCC(=O)OCCCCCOC(=O)CCN(*)CCCCCCCC,*CCC(=O)OCCCCCOC(=O)CCN(*)CC(O)CO,0.4,0.4,0.2,0.112018921
*CCC(=O)OCCCCCOC(=O)CCN(*)CCN1CCOCC1,*CCC(=O)OCCCCCOC(=O)CCN(*)CCCCCCCCCC,*CCC(=O)OCCCCCOC(=O)CCN(*)CC(O)CO,0.4,0.4,0.2,0.57609131
*CCC(=O)OCCCCCOC(=O)CCN(*)CCN1CCOCC1,*CCC(=O)OCCCCCOC(=O)CCN(*)CCCCCCCCCC,*CCC(=O)OCCCCCOC(=O)CCN(*)CC(O)CO,0.6,0.3,0.1,0.566279535
*CCC(=O)OCCCCCOC(=O)CCN(*)CCN1CCOCC1,*CCC(=O)OCCCCCOC(=O)CCN(*)CCCc1ccccc1,*CCC(=O)OCCCCCOC(=O)CCN(*)CC(O)CO,0.4,0.4,0.2,0.02429585
*CCC(=O)OCCCCCOC(=O)CCN(*)CCN1CCOCC1,*CCC(=O)OCCCCCOC(=O)CCN(*)CCCCc1ccccc1,*CCC(=O)OCCCCCOC(=O)CCN(*)CC(O)CO,0.4,0.4,0.2,0.844549559
*CCC(=O)OCCCCCOC(=O)CCN(*)CCN1CCOCC1,*CCC(=O)OCCCCCOC(=O)CCN(*)CCC(OCC)OCC,*CCC(=O)OCCCCCOC(=O)CCN(*)CC(C)(C)C(N)=O,0.2,0.6,0.2,-0.009264476
*CCC(=O)OCCCCCOC(=O)CCN(*)CCN1CCOCC1,*CCC(=O)OCCCCCOC(=O)CCN(*)CCCOC,*CCC(=O)OCCCCCOC(=O)CCN(*)CC(O)CO,0.4,0.4,0.2,0.018060632
*CCC(=O)OCCCCCOC(=O)CCN(*)CCN,*CCC(=O)OCCCCCOC(=O)CCN(*)CCCCCCCC,*CCC(=O)OCCCCCOC(=O)CCN(*)CC(C)(C)C(N)=O,0.6,0.1,0.3,0.026414264
*CCC(=O)OCCCCCOC(=O)CCN(*)CCN,*CCC(=O)OCCCCCOC(=O)CCN(*)CCCCCCCC,*CCC(=O)OCCCCCOC(=O)CCN(*)CC(C)(C)C(N)=O,0.8,0.1,0.1,0.06428725
*CCC(=O)OCCCCCOC(=O)CCN(*)CCN,*CCC(=O)OCCCCCOC(=O)CCN(*)CCCCCCCC,*CCC(=O)OCCCCCOC(=O)CCN(*)C(C)C(N)=O,0.6,0.1,0.3,0.233325996
*CCC(=O)OCCCCCOC(=O)CCN(*)CCN,*CCC(=O)OCCCCCOC(=O)CCN(*)CCCCCCCC,*CCC(=O)OCCCCCOC(=O)CCN(*)C(C)C(N)=O,0.8,0.1,0.1,0.096753386
*CCC(=O)OCCCCCOC(=O)CCN(*)CCN,*CCC(=O)OCCCCCOC(=O)CCN(*)CCCCCCCCCC,*CCC(=O)OCCCCCOC(=O)CCN(*)CC(C)(C)C(N)=O,0.2,0.6,0.2,0.832599119
*CCC(=O)OCCCCCOC(=O)CCN(*)CCN,*CCC(=O)OCCCCCOC(=O)CCN(*)CCCCCCCCCC,*CCC(=O)OCCCCCOC(=O)CCN(*)CC(C)(C)C(N)=O,0.4,0.4,0.2,0.95114137
*CCC(=O)OCCCCCOC(=O)CCN(*)CCN,*CCC(=O)OCCCCCOC(=O)CCN(*)CCCCCCCCCC,*CCC(=O)OCCCCCOC(=O)CCN(*)CC(C)(C)C(N)=O,0.6,0.1,0.3,0.54185022
*CCC(=O)OCCCCCOC(=O)CCN(*)CCN,*CCC(=O)OCCCCCOC(=O)CCN(*)CCCCCCCCCC,*CCC(=O)OCCCCCOC(=O)CCN(*)CC(C)(C)C(N)=O,0.6,0.3,0.1,0.961754105
*CCC(=O)OCCCCCOC(=O)CCN(*)CCN,*CCC(=O)OCCCCCOC(=O)CCN(*)CCCCCCCCCC,*CCC(=O)OCCCCCOC(=O)CCN(*)CC(C)(C)C(N)=O,0.8,0.1,0.1,0.592511013
*CCC(=O)OCCCCCOC(=O)CCN(*)CCN,*CCC(=O)OCCCCCOC(=O)CCN(*)CCCCCCCCCC,*CCC(=O)OCCCCCOC(=O)CCN(*)C(C)C(N)=O,0.6,0.1,0.3,0.712965001
*CCC(=O)OCCCCCOC(=O)CCN(*)CCN,*CCC(=O)OCCCCCOC(=O)CCN(*)CCCCCCCCCC,*CCC(=O)OCCCCCOC(=O)CCN(*)C(C)C(N)=O,0.6,0.3,0.1,0.936385648
*CCC(=O)OCCCCCOC(=O)CCN(*)CCN,*CCC(=O)OCCCCCOC(=O)CCN(*)CCCCCCCCCC,*CCC(=O)OCCCCCOC(=O)CCN(*)C(C)C(N)=O,0.8,0.1,0.1,0.555359894
*CCC(=O)OCCCCCOC(=O)CCN(*)CCN,*CCC(=O)OCCCCCOC(=O)CCN(*)CC1CCCC1,*CCC(=O)OCCCCCOC(=O)CCN(*)CC(C)(C)C(N)=O,0.2,0.2,0.6,0.1914241
*CCC(=O)OCCCCCOC(=O)CCN(*)CCN,*CCC(=O)OCCCCCOC(=O)CCN(*)CCCc1ccccc1,*CCC(=O)OCCCCCOC(=O)CCN(*)CC(C)(C)C(N)=O,0.4,0.4,0.2,0.384726135
*CCC(=O)OCCCCCOC(=O)CCN(*)CCN,*CCC(=O)OCCCCCOC(=O)CCN(*)CCCc1ccccc1,*CCC(=O)OCCCCCOC(=O)CCN(*)CC(C)(C)C(N)=O,0.6,0.1,0.3,0.100558659
*CCC(=O)OCCCCCOC(=O)CCN(*)CCN,*CCC(=O)OCCCCCOC(=O)CCN(*)CCCc1ccccc1,*CCC(=O)OCCCCCOC(=O)CCN(*)CC(C)(C)C(N)=O,0.6,0.3,0.1,0.793916822
*CCC(=O)OCCCCCOC(=O)CCN(*)CCN,*CCC(=O)OCCCCCOC(=O)CCN(*)CCCc1ccccc1,*CCC(=O)OCCCCCOC(=O)CCN(*)CC(C)(C)C(N)=O,0.8,0.1,0.1,0.099731016
*CCC(=O)OCCCCCOC(=O)CCN(*)CCN,*CCC(=O)OCCCCCOC(=O)CCN(*)CC(CC)CCCC,*CCC(=O)OCCCCCOC(=O)CCN(*)CC(C)(C)C(N)=O,0.8,0.1,0.1,0.06600731
*CCC(=O)OCCCCCOC(=O)CCN(*)CCN,*CCC(=O)OCCCCCOC(=O)CCN(*)CC(CC)CCCC,*CCC(=O)OCCCCCOC(=O)CCN(*)C(C)C(N)=O,0.8,0.1,0.1,0.624477218
*CCC(=O)OCCCCCOC(=O)CCN(*)CCN,*CCC(=O)OCCCCCOC(=O)CCN(*)CC(C)(C)O,*CCC(=O)OCCCCCOC(=O)CCN(*)CC(C)(C)C(N)=O,0.8,0.1,0.1,0.072687225
*CCC(=O)OCCCCCOC(=O)CCN(*)CCN,*CCC(=O)OCCCCCOC(=O)CCN(*)CC(F)(F)C(F)(F)C(F)(F)F,*CCC(=O)OCCCCCOC(=O)CCN(*)C(C)C(N)=O,0.8,0.1,0.1,0.199207572
*CCC(=O)OCCCCCOC(=O)CCN(*)CC(C)(C)CN,*CCC(=O)OCCCCCOC(=O)CCN(*)CCCCc1ccccc1,*CCC(=O)OCCCCCOC(=O)CCN(*)CCOCCOCCO,0.2,0.6,0.2,0.011517997
*CCC(=O)OCCCCCOC(=O)CCN(*)CC(C)(C)CN,*CCC(=O)OCCCCCOC(=O)CCN(*)Cc1ccc(OC)cc1,*CCC(=O)OCCCCCOC(=O)CCN(*)CC(O)CO,0.4,0.4,0.2,0.003255086
*CCC(=O)OCCCCCOC(=O)CCN(*)CCCCCCCCN,*CCC(=O)OCCCCCOC(=O)CCN(*)CC(CC)CCCC,*CCC(=O)OCCCCCOC(=O)CCN(*)CC(O)CO,0.2,0.6,0.2,0.24200313
*CCC(=O)OCCCCCOC(=O)CCN(*)CCOCCOCCN,*CCC(=O)OCCCCCOC(=O)CCN(*)CCC(OCC)OCC,*CCC(=O)OCCCCCOC(=O)CCN(*)CCOCCOCCO,0.2,0.6,0.2,-0.003505477
*CCC(=O)OCCCCCOC(=O)CCN(*)CCOCCOCCOCCOCCN,*CCC(=O)OCCCCCOC(=O)CCN(*)CC1CCCC1,*CCC(=O)OCCCCCOC(=O)CCN(*)CCOCCOCCOCCO,0.4,0.4,0.2,0.015524257
*CCC(=O)OCCCCCOC(=O)CCN(*)Cc1cccc(CN)c1,*CCC(=O)OCCCCCOC(=O)CCN(*)CCCCCC,*CCC(=O)OCCCCCOC(=O)CCN(*)CC(C)(C)C(N)=O,0.2,0.6,0.2,0.101533646
*CCC(=O)OCCCCCOC(=O)CCN(*)Cc1cccc(CN)c1,*CCC(=O)OCCCCCOC(=O)CCN(*)CCCCCCCC,*CCC(=O)OCCCCCOC(=O)CCN(*)CCOCCOCCOCCOCCOCCO,0.2,0.6,0.2,0.018528951
*CCC(=O)OCCCCCOC(=O)CCN(*)Cc1cccc(CN)c1,*CCC(=O)OCCCCCOC(=O)CCN(*)Cc1ccccc1,*CCC(=O)OCCCCCOC(=O)CCN(*)CCOCCOCCO,0.4,0.4,0.2,0.407386542
*CCC(=O)OCCCCCOC(=O)CCN(*)Cc1cccc(CN)c1,*CCC(=O)OCCCCCOC(=O)CCN(*)CCC(C)C,*CCC(=O)OCCCCCOC(=O)CCN(*)CC(C)(C)C(N)=O,0.2,0.6,0.2,0.622597809
*CCC(=O)OCCCCCCOC(=O)CCN(*)CCN(C)C,*CCC(=O)OCCCCCCOC(=O)CCN(*)CCCCCCCCCC,*CCC(=O)OCCCCCCOC(=O)CCN(*)CC(C)(C)C(N)=O,0.4,0.4,0.2,0.357032798
*CCC(=O)OCCCCCCOC(=O)CCN(*)CCN(C)C,*CCC(=O)OCCCCCCOC(=O)CCN(*)Cc1ccccc1,*CCC(=O)OCCCCCCOC(=O)CCN(*)C(C)C(N)=O,0.2,0.2,0.6,0.24849
*CCC(=O)OCCCCCCOC(=O)CCN(*)CCN(C)C,*CCC(=O)OCCCCCCOC(=O)CCN(*)CC(CC)CCCC,*CCC(=O)OCCCCCCOC(=O)CCN(*)CC(C)(C)C(N)=O,0.2,0.2,0.6,0.684368953
*CCC(=O)OCCCCCCOC(=O)CCN(*)CCN(C)C,*CCC(=O)OCCCCCCOC(=O)CCN(*)CC(CC)CCCC,*CCC(=O)OCCCCCCOC(=O)CCN(*)CC(C)(C)C(N)=O,0.8,0.1,0.1,1.030101054
*CCC(=O)OCCCCCCOC(=O)CCN(*)CCN(C)C,*CCC(=O)OCCCCCCOC(=O)CCN(*)CC(C)(C)O,*CCC(=O)OCCCCCCOC(=O)CCN(*)CC(C)(C)C(N)=O,0.8,0.1,0.1,0.528945631
*CCC(=O)OCCCCCCOC(=O)CCN(*)CCN(C)C,*CCC(=O)OCCCCCCOC(=O)CCN(*)CC(F)(F)C(F)(F)C(F)(F)F,*CCC(=O)OCCCCCCOC(=O)CCN(*)CC(C)(C)C(N)=O,0.6,0.1,0.3,0.434294519
*CCC(=O)OCCCCCCOC(=O)CCN(*)CCCN(CC)CC,*CCC(=O)OCCCCCCOC(=O)CCN(*)CCCCCCCC,*CCC(=O)OCCCCCCOC(=O)CCN(*)CC(C)(C)C(N)=O,0.2,0.2,0.6,0.905396689
*CCC(=O)OCCCCCCOC(=O)CCN(*)CCCN(CC)CC,*CCC(=O)OCCCCCCOC(=O)CCN(*)CCCc1ccccc1,*CCC(=O)OCCCCCCOC(=O)CCN(*)CC(C)(C)C(N)=O,0.4,0.2,0.4,1.00744879
*CCC(=O)OCCCCCCOC(=O)CCN(*)CCCN(CC)CC,*CCC(=O)OCCCCCCOC(=O)CCN(*)CCCc1ccccc1,*CCC(=O)OCCCCCCOC(=O)CCN(*)CC(C)(C)C(N)=O,0.4,0.4,0.2,0.948893027
*CCC(=O)OCCCCCCOC(=O)CCN(*)CCCN(CC)CC,*CCC(=O)OCCCCCCOC(=O)CCN(*)CCCc1ccccc1,*CCC(=O)OCCCCCCOC(=O)CCN(*)CC(C)(C)C(N)=O,0.6,0.1,0.3,1.053796814
*CCC(=O)OCCCCCCOC(=O)CCN(*)CCCN(CC)CC,*CCC(=O)OCCCCCCOC(=O)CCN(*)CCC(C)C,*CCC(=O)OCCCCCCOC(=O)CCN(*)CC(C)(C)C(N)=O,0.2,0.2,0.6,0.60325
*CCC(=O)OCCCCCCOC(=O)CCN(*)CCN1CCCC1,*CCC(=O)OCCCCCCOC(=O)CCN(*)CCCCCCCC,*CCC(=O)OCCCCCCOC(=O)CCN(*)CC(C)(C)C(N)=O,0.6,0.3,0.1,1.007740271
*CCC(=O)OCCCCCCOC(=O)CCN(*)CCN1CCCC1,*CCC(=O)OCCCCCCOC(=O)CCN(*)CCCCCCCC,*CCC(=O)OCCCCCCOC(=O)CCN(*)CC(C)(C)C(N)=O,0.8,0.1,0.1,1.04429155
*CCC(=O)OCCCCCCOC(=O)CCN(*)CCN1CCCC1,*CCC(=O)OCCCCCCOC(=O)CCN(*)CCCCCCCC,*CCC(=O)OCCCCCCOC(=O)CCN(*)C(C)C(N)=O,0.6,0.3,0.1,1.031606106
*CCC(=O)OCCCCCCOC(=O)CCN(*)CCN1CCCC1,*CCC(=O)OCCCCCCOC(=O)CCN(*)CCCCCCCCCC,*CCC(=O)OCCCCCCOC(=O)CCN(*)CC(C)(C)C(N)=O,0.4,0.4,0.2,0.548057669
*CCC(=O)OCCCCCCOC(=O)CCN(*)CCN1CCCC1,*CCC(=O)OCCCCCCOC(=O)CCN(*)CCCCCCCCCC,*CCC(=O)OCCCCCCOC(=O)CCN(*)CC(C)(C)C(N)=O,0.6,0.3,0.1,0.894273128
*CCC(=O)OCCCCCCOC(=O)CCN(*)CCN1CCCC1,*CCC(=O)OCCCCCCOC(=O)CCN(*)CCCCc1ccccc1,*CCC(=O)OCCCCCCOC(=O)CCN(*)CCOCCOCCOCCO,0.4,0.4,0.2,0.49339
*CCC(=O)OCCCCCCOC(=O)CCN(*)CCN1CCCC1,*CCC(=O)OCCCCCCOC(=O)CCN(*)CCCCc1ccccc1,*CCC(=O)OCCCCCCOC(=O)CCN(*)CCOCCOCCOCCOCCOCCO,0.6,0.3,0.1,1.028834602
*CCC(=O)OCCCCCCOC(=O)CCN(*)CCN1CCCC1,*CCC(=O)OCCCCCCOC(=O)CCN(*)CCCCc1ccccc1,*CCC(=O)OCCCCCCOC(=O)CCN(*)CCOCCOCCOCCOCCOCCO,0.8,0.1,0.1,0.986669533
*CCC(=O)OCCCCCCOC(=O)CCN(*)CCN1CCCC1,*CCC(=O)OCCCCCCOC(=O)CCN(*)CCCCc1ccccc1,*CCC(=O)OCCCCCCOC(=O)CCN(*)C(C)C(N)=O,0.4,0.4,0.2,0.778757257
*CCC(=O)OCCCCCCOC(=O)CCN(*)CCN1CCCC1,*CCC(=O)OCCCCCCOC(=O)CCN(*)CCCCc1ccccc1,*CCC(=O)OCCCCCCOC(=O)CCN(*)C(C)C(N)=O,0.6,0.3,0.1,0.97742421
*CCC(=O)OCCCCCCOC(=O)CCN(*)CCN1CCCCC1,*CCC(=O)OCCCCCCOC(=O)CCN(*)CCCCCCCCCC,*CCC(=O)OCCCCCCOC(=O)CCN(*)CCOCCOCCO,0.4,0.4,0.2,0.898613697
*CCC(=O)OCCCCCCOC(=O)CCN(*)CCN1CCCCC1,*CCC(=O)OCCCCCCOC(=O)CCN(*)CCCCCCCCCC,*CCC(=O)OCCCCCCOC(=O)CCN(*)CCOCCOCCOCCO,0.4,0.4,0.2,0.723567143
*CCC(=O)OCCCCCCOC(=O)CCN(*)CCN1CCCCC1,*CCC(=O)OCCCCCCOC(=O)CCN(*)CCCCCCCCCC,*CCC(=O)OCCCCCCOC(=O)CCN(*)CCOCCOCCOCCOCCOCCO,0.4,0.4,0.2,0.113180219
*CCC(=O)OCCCCCCOC(=O)CCN(*)CCN1CCCCC1,*CCC(=O)OCCCCCCOC(=O)CCN(*)CCCCCCCCCC,*CCC(=O)OCCCCCCOC(=O)CCN(*)CC(O)CO,0.4,0.4,0.2,0.161787365
*CCC(=O)OCCCCCCOC(=O)CCN(*)CCN1CCCCC1,*CCC(=O)OCCCCCCOC(=O)CCN(*)CCCCCCCCCC,*CCC(=O)OCCCCCCOC(=O)CCN(*)CC(O)CO,0.6,0.3,0.1,0.35857363
*CCC(=O)OCCCCCCOC(=O)CCN(*)CCN1CCCCC1,*CCC(=O)OCCCCCCOC(=O)CCN(*)CCCCCCCCCC,*CCC(=O)OCCCCCCOC(=O)CCN(*)CC(C)(C)C(N)=O,0.4,0.4,0.2,0.368921995
*CCC(=O)OCCCCCCOC(=O)CCN(*)CCN1CCCCC1,*CCC(=O)OCCCCCCOC(=O)CCN(*)CCCCCCCCCC,*CCC(=O)OCCCCCCOC(=O)CCN(*)CC(C)(C)C(N)=O,0.6,0.3,0.1,0.618942731
*CCC(=O)OCCCCCCOC(=O)CCN(*)CCN1CCCCC1,*CCC(=O)OCCCCCCOC(=O)CCN(*)CCCCCCCCCC,*CCC(=O)OCCCCCCOC(=O)CCN(*)CC(C)(C)C(N)=O,0.8,0.1,0.1,0.663658376
*CCC(=O)OCCCCCCOC(=O)CCN(*)CCN1CCCCC1,*CCC(=O)OCCCCCCOC(=O)CCN(*)CCCc1ccccc1,*CCC(=O)OCCCCCCOC(=O)CCN(*)CC(C)(C)C(N)=O,0.4,0.4,0.2,0.726050072
*CCC(=O)OCCCCCCOC(=O)CCN(*)CCN1CCCCC1,*CCC(=O)OCCCCCCOC(=O)CCN(*)CCC(C)C,*CCC(=O)OCCCCCCOC(=O)CCN(*)CC(C)(C)C(N)=O,0.4,0.2,0.4,0.832195324
*CCC(=O)OCCCCCCOC(=O)CCN(*)CCN1CCCCC1,*CCC(=O)OCCCCCCOC(=O)CCN(*)CCC(C)C,*CCC(=O)OCCCCCCOC(=O)CCN(*)CC(C)(C)C(N)=O,0.4,0.4,0.2,0.688806125
*CCC(=O)OCCCCCCOC(=O)CCN(*)CCc1cccnc1,*CCC(=O)OCCCCCCOC(=O)CCN(*)CC(CC)CCCC,*CCC(=O)OCCCCCCOC(=O)CCN(*)CCOCCOCCOCCO,0.2,0.2,0.6,0.02574
*CCC(=O)OCCCCCCOC(=O)CCN(*)CCN1CCOCC1,*CCC(=O)OCCCCCCOC(=O)CCN(*)CCCCCC,*CCC(=O)OCCCCCCOC(=O)CCN(*)CCOCCOCCOCCO,0.4,0.4,0.2,0.045571205
*CCC(=O)OCCCCCCOC(=O)CCN(*)CCN1CCOCC1,*CCC(=O)OCCCCCCOC(=O)CCN(*)CCCCCCCCCC,*CCC(=O)OCCCCCCOC(=O)CCN(*)CC(C)(C)C(N)=O,0.6,0.3,0.1,0.088105727
*CCC(=O)OCCCCCCOC(=O)CCN(*)CCN1CCOCC1,*CCC(=O)OCCCCCCOC(=O)CCN(*)CCC(C)C,*CCC(=O)OCCCCCCOC(=O)CCN(*)CCOCCOCCOCCO,0.2,0.2,0.6,0.01577844
*CCC(=O)OCCCCCCOC(=O)CCN(*)CCN1CCOCC1,*CCC(=O)OCCCCCCOC(=O)CCN(*)CCC(C)C,*CCC(=O)OCCCCCCOC(=O)CCN(*)CCOCCOCCOCCO,0.2,0.4,0.4,0.019088602
*CCC(=O)OCCCCCCOC(=O)CCN(*)CCN1CCOCC1,*CCC(=O)OCCCCCCOC(=O)CCN(*)CCC(C)C,*CCC(=O)OCCCCCCOC(=O)CCN(*)CCOCCOCCOCCO,0.2,0.6,0.2,0.003641178
*CCC(=O)OCCCCCCOC(=O)CCN(*)CCN1CCOCC1,*CCC(=O)OCCCCCCOC(=O)CCN(*)CCC(C)C,*CCC(=O)OCCCCCCOC(=O)CCN(*)CCOCCOCCOCCO,0.4,0.2,0.4,0.010261503
*CCC(=O)OCCCCCCOC(=O)CCN(*)CCN1CCOCC1,*CCC(=O)OCCCCCCOC(=O)CCN(*)CCC(C)C,*CCC(=O)OCCCCCCOC(=O)CCN(*)CCOCCOCCOCCO,0.4,0.4,0.2,0.018536908
*CCC(=O)OCCCCCCOC(=O)CCN(*)CCN1CCOCC1,*CCC(=O)OCCCCCCOC(=O)CCN(*)CCC(C)C,*CCC(=O)OCCCCCCOC(=O)CCN(*)CCOCCOCCOCCO,0.6,0.1,0.3,0.015447424
*CCC(=O)OCCCCCCOC(=O)CCN(*)CCN1CCOCC1,*CCC(=O)OCCCCCCOC(=O)CCN(*)CCC(C)C,*CCC(=O)OCCCCCCOC(=O)CCN(*)CCOCCOCCOCCO,0.6,0.3,0.1,0.040935673
*CCC(=O)OCCCCCCOC(=O)CCN(*)CCN1CCOCC1,*CCC(=O)OCCCCCCOC(=O)CCN(*)CCC(C)C,*CCC(=O)OCCCCCCOC(=O)CCN(*)CCOCCOCCOCCO,0.8,0.1,0.1,0.034867042
*CCC(=O)OCCCCCCOC(=O)CCN(*)CCN,*CCC(=O)OCCCCCCOC(=O)CCN(*)CCCCCC,*CCC(=O)OCCCCCCOC(=O)CCN(*)CC(C)(C)C(N)=O,0.6,0.3,0.1,0.438
*CCC(=O)OCCCCCCOC(=O)CCN(*)CCN,*CCC(=O)OCCCCCCOC(=O)CCN(*)CCCCCC,*CCC(=O)OCCCCCCOC(=O)CCN(*)CC(C)(C)C(N)=O,0.8,0.1,0.1,0.626
*CCC(=O)OCCCCCCOC(=O)CCN(*)CCN,*CCC(=O)OCCCCCCOC(=O)CCN(*)CCCCCCCC,*CCC(=O)OCCCCCCOC(=O)CCN(*)CC(C)(C)C(N)=O,0.4,0.4,0.2,0.157
*CCC(=O)OCCCCCCOC(=O)CCN(*)CCN,*CCC(=O)OCCCCCCOC(=O)CCN(*)CCCCCCCC,*CCC(=O)OCCCCCCOC(=O)CCN(*)CC(C)(C)C(N)=O,0.6,0.3,0.1,0.241
*CCC(=O)OCCCCCCOC(=O)CCN(*)CCN,*CCC(=O)OCCCCCCOC(=O)CCN(*)CCCCCCCC,*CCC(=O)OCCCCCCOC(=O)CCN(*)CC(C)(C)C(N)=O,0.8,0.1,0.1,0.461191142
*CCC(=O)OCCCCCCOC(=O)CCN(*)CCN,*CCC(=O)OCCCCCCOC(=O)CCN(*)CCCCCCCC,*CCC(=O)OCCCCCCOC(=O)CCN(*)C(C)C(N)=O,0.8,0.1,0.1,1.063614352
*CCC(=O)OCCCCCCOC(=O)CCN(*)CCN,*CCC(=O)OCCCCCCOC(=O)CCN(*)CCCCCCCCCC,*CCC(=O)OCCCCCCOC(=O)CCN(*)CC(C)(C)C(N)=O,0.4,0.4,0.2,0.778934722
*CCC(=O)OCCCCCCOC(=O)CCN(*)CCN,*CCC(=O)OCCCCCCOC(=O)CCN(*)CCCCCCCCCC,*CCC(=O)OCCCCCCOC(=O)CCN(*)CC(C)(C)C(N)=O,0.6,0.3,0.1,0.938726472
*CCC(=O)OCCCCCCOC(=O)CCN(*)CCN,*CCC(=O)OCCCCCCOC(=O)CCN(*)CCCCCCCCCC,*CCC(=O)OCCCCCCOC(=O)CCN(*)CC(C)(C)C(N)=O,0.8,0.1,0.1,0.974369243
*CCC(=O)OCCCCCCOC(=O)CCN(*)CCN,*CCC(=O)OCCCCCCOC(=O)CCN(*)CCCc1ccccc1,*CCC(=O)OCCCCCCOC(=O)CCN(*)CC(C)(C)C(N)=O,0.6,0.1,0.3,0.915166563
*CCC(=O)OCCCCCCOC(=O)CCN(*)CCN,*CCC(=O)OCCCCCCOC(=O)CCN(*)CCCc1ccccc1,*CCC(=O)OCCCCCCOC(=O)CCN(*)CC(C)(C)C(N)=O,0.6,0.3,0.1,0.756052142
*CCC(=O)OCCCCCCOC(=O)CCN(*)CCN,*CCC(=O)OCCCCCCOC(=O)CCN(*)CCCCc1ccccc1,*CCC(=O)OCCCCCCOC(=O)CCN(*)CC(C)(C)C(N)=O,0.6,0.3,0.1,0.17
*CCC(=O)OCCCCCCOC(=O)CCN(*)CCN,*CCC(=O)OCCCCCCOC(=O)CCN(*)CCCCc1ccccc1,*CCC(=O)OCCCCCCOC(=O)CCN(*)CC(C)(C)C(N)=O,0.8,0.1,0.1,0.406
*CCC(=O)OCCCCCCOC(=O)CCN(*)CCN,*CCC(=O)OCCCCCCOC(=O)CCN(*)CCC(C)C,*CCC(=O)OCCCCCCOC(=O)CCN(*)CC(C)(C)C(N)=O,0.6,0.1,0.3,0.580673564
*CCC(=O)OCCCCCCOC(=O)CCN(*)CCN,*CCC(=O)OCCCCCCOC(=O)CCN(*)CCC(C)C,*CCC(=O)OCCCCCCOC(=O)CCN(*)CC(C)(C)C(N)=O,0.8,0.1,0.1,0.333261664
*CCC(=O)OCCCCCCOC(=O)CCN(*)CCN,*CCC(=O)OCCCCCCOC(=O)CCN(*)CCC(C)C,*CCC(=O)OCCCCCCOC(=O)CCN(*)C(C)C(N)=O,0.8,0.1,0.1,0.963460269
*CCC(=O)OCCCCCCOC(=O)CCN(*)CCN,*CCC(=O)OCCCCCCOC(=O)CCN(*)CC(CC)CCCC,*CCC(=O)OCCCCCCOC(=O)CCN(*)CC(C)(C)C(N)=O,0.8,0.1,0.1,0.862180176
*CCC(=O)OCCCCCCOC(=O)CCN(*)CCN,*CCC(=O)OCCCCCCOC(=O)CCN(*)Cc1ccc(OC)cc1,*CCC(=O)OCCCCCCOC(=O)CCN(*)CCOCCOCCOCCO,0.2,0.2,0.6,0.072613459
*CCC(=O)OCCCCCCOC(=O)CCN(*)CCN,*CCC(=O)OCCCCCCOC(=O)CCN(*)CC(C)(C)O,*CCC(=O)OCCCCCCOC(=O)CCN(*)CCOCCOCCOCCOCCOCCO,0.8,0.1,0.1,0.399053967
*CCC(=O)OCCCCCCOC(=O)CCN(*)CCN,*CCC(=O)OCCCCCCOC(=O)CCN(*)CC(C)(C)O,*CCC(=O)OCCCCCCOC(=O)CCN(*)CC(C)(C)C(N)=O,0.4,0.4,0.2,0.768
*CCC(=O)OCCCCCCOC(=O)CCN(*)CCN,*CCC(=O)OCCCCCCOC(=O)CCN(*)CC(C)(C)O,*CCC(=O)OCCCCCCOC(=O)CCN(*)CC(C)(C)C(N)=O,0.6,0.1,0.3,0.395553599
*CCC(=O)OCCCCCCOC(=O)CCN(*)CCN,*CCC(=O)OCCCCCCOC(=O)CCN(*)CC(C)(C)O,*CCC(=O)OCCCCCCOC(=O)CCN(*)CC(C)(C)C(N)=O,0.6,0.3,0.1,0.645
*CCC(=O)OCCCCCCOC(=O)CCN(*)CCN,*CCC(=O)OCCCCCCOC(=O)CCN(*)CC(C)(C)O,*CCC(=O)OCCCCCCOC(=O)CCN(*)CC(C)(C)C(N)=O,0.8,0.1,0.1,0.208772307
*CCC(=O)OCCCCCCOC(=O)CCN(*)CCN,*CCC(=O)OCCCCCCOC(=O)CCN(*)CC(C)(C)O,*CCC(=O)OCCCCCCOC(=O)CCN(*)C(C)C(N)=O,0.6,0.3,0.1,0.695135373
*CCC(=O)OCCCCCCOC(=O)CCN(*)CCN,*CCC(=O)OCCCCCCOC(=O)CCN(*)CC(C)(C)O,*CCC(=O)OCCCCCCOC(=O)CCN(*)C(C)C(N)=O,0.8,0.1,0.1,0.545894783
*CCC(=O)OCCCCCCOC(=O)CCN(*)CCN,*CCC(=O)OCCCCCCOC(=O)CCN(*)CC(F)(F)C(F)(F)C(F)(F)F,*CCC(=O)OCCCCCCOC(=O)CCN(*)CC(C)(C)C(N)=O,0.2,0.6,0.2,0.03
*CCC(=O)OCCCCCCOC(=O)CCN(*)CCN,*CCC(=O)OCCCCCCOC(=O)CCN(*)CC(F)(F)C(F)(F)C(F)(F)F,*CCC(=O)OCCCCCCOC(=O)CCN(*)CC(C)(C)C(N)=O,0.4,0.4,0.2,0.469
*CCC(=O)OCCCCCCOC(=O)CCN(*)CCN,*CCC(=O)OCCCCCCOC(=O)CCN(*)CC(F)(F)C(F)(F)C(F)(F)F,*CCC(=O)OCCCCCCOC(=O)CCN(*)CC(C)(C)C(N)=O,0.6,0.1,0.3,0.269205371
*CCC(=O)OCCCCCCOC(=O)CCN(*)CCN,*CCC(=O)OCCCCCCOC(=O)CCN(*)CC(F)(F)C(F)(F)C(F)(F)F,*CCC(=O)OCCCCCCOC(=O)CCN(*)CC(C)(C)C(N)=O,0.6,0.3,0.1,0.554
*CCC(=O)OCCCCCCOC(=O)CCN(*)CCN,*CCC(=O)OCCCCCCOC(=O)CCN(*)CC(F)(F)C(F)(F)C(F)(F)F,*CCC(=O)OCCCCCCOC(=O)CCN(*)CC(C)(C)C(N)=O,0.8,0.1,0.1,0.119759192
*CCC(=O)OCCCCCCOC(=O)CCN(*)CCN,*CCC(=O)OCCCCCCOC(=O)CCN(*)CC(F)(F)C(F)(F)C(F)(F)F,*CCC(=O)OCCCCCCOC(=O)CCN(*)C(C)C(N)=O,0.8,0.1,0.1,0.855381906
*CCC(=O)OCCCCCCOC(=O)CCN(*)CC(C)(C)CN,*CCC(=O)OCCCCCCOC(=O)CCN(*)Cc1ccccc1,*CCC(=O)OCCCCCCOC(=O)CCN(*)CC(O)CO,0.2,0.2,0.6,0.023411581
*CCC(=O)OCCCCCCOC(=O)CCN(*)CC(C)(C)CN,*CCC(=O)OCCCCCCOC(=O)CCN(*)CCC(C)C,*CCC(=O)OCCCCCCOC(=O)CCN(*)CC(C)(C)C(N)=O,0.2,0.6,0.2,0.020532081
*CCC(=O)OCCCCCCOC(=O)CCN(*)CCCCCN,*CCC(=O)OCCCCCCOC(=O)CCN(*)CCCCCCCC,*CCC(=O)OCCCCCCOC(=O)CCN(*)CC(C)(C)C(N)=O,0.6,0.1,0.3,0.490204711
*CCC(=O)OCCCCCCOC(=O)CCN(*)CCCCCN,*CCC(=O)OCCCCCCOC(=O)CCN(*)CCCCCCCC,*CCC(=O)OCCCCCCOC(=O)CCN(*)CC(C)(C)C(N)=O,0.8,0.1,0.1,0.529778542
*CCC(=O)OCCCCCCOC(=O)CCN(*)CCCCCN,*CCC(=O)OCCCCCCOC(=O)CCN(*)CCC(C)C,*CCC(=O)OCCCCCCOC(=O)CCN(*)CC(C)(C)C(N)=O,0.6,0.1,0.3,0.499009465
*CCC(=O)OCCCCCCOC(=O)CCN(*)CCCCCN,*CCC(=O)OCCCCCCOC(=O)CCN(*)CCC(C)C,*CCC(=O)OCCCCCCOC(=O)CCN(*)CC(C)(C)C(N)=O,0.8,0.1,0.1,0.684789786
*CCC(=O)OCCCCCCOC(=O)CCN(*)CCCCCN,*CCC(=O)OCCCCCCOC(=O)CCN(*)CC(CC)CCCC,*CCC(=O)OCCCCCCOC(=O)CCN(*)CCOCCOCCOCCOCCOCCO,0.8,0.1,0.1,0.525478392
*CCC(=O)OCCCCCCOC(=O)CCN(*)CCCCCN,*CCC(=O)OCCCCCCOC(=O)CCN(*)CC(CC)CCCC,*CCC(=O)OCCCCCCOC(=O)CCN(*)CC(C)(C)C(N)=O,0.8,0.1,0.1,0.460546119
*CCC(=O)OCCCCCCOC(=O)CCN(*)CCCCCN,*CCC(=O)OCCCCCCOC(=O)CCN(*)CCC(OCC)OCC,*CCC(=O)OCCCCCCOC(=O)CCN(*)CC(O)CO,0.4,0.4,0.2,0.205696401
*CCC(=O)OCCCCCCOC(=O)CCN(*)CCCCCCCCN,*CCC(=O)OCCCCCCOC(=O)CCN(*)CC(F)(F)C(F)(F)C(F)(F)F,*CCC(=O)OCCCCCCOC(=O)CCN(*)C(C)C(N)=O,0.2,0.2,0.6,0.40400626
*CCC(=O)OCCCCCCOC(=O)CCN(*)CCOCCOCCN,*CCC(=O)OCCCCCCOC(=O)CCN(*)CCCCc1ccccc1,*CCC(=O)OCCCCCCOC(=O)CCN(*)CCOCCOCCOCCOCCOCCO,0.2,0.6,0.2,-0.006384977
*CCC(=O)OCCCCCCOC(=O)CCN(*)CCOCCOCCN,*CCC(=O)OCCCCCCOC(=O)CCN(*)CCC(C)C,*CCC(=O)OCCCCCCOC(=O)CCN(*)CCOCCOCCOCCOCCOCCO,0.2,0.2,0.6,0.016525822
*CCC(=O)OCCCCCCOC(=O)CCN(*)Cc1cccc(CN)c1,*CCC(=O)OCCCCCCOC(=O)CCN(*)CC1CCCC1,*CCC(=O)OCCCCCCOC(=O)CCN(*)CCOCCOCCO,0.2,0.2,0.6,0.29571205
*CCC(=O)OCCCCCCOC(=O)CCN(*)Cc1cccc(CN)c1,*CCC(=O)OCCCCCCOC(=O)CCN(*)CC(F)(F)C(F)(F)C(F)(F)F,*CCC(=O)OCCCCCCOC(=O)CCN(*)CCOCCOCCO,0.2,0.2,0.6,0.11342723
*CCC(=O)OCCOCCOCCOC(=O)CCN(*)CCN(C)C,*CCC(=O)OCCOCCOCCOC(=O)CCN(*)CCCCCCCC,*CCC(=O)OCCOCCOCCOC(=O)CCN(*)CCOCCOCCOCCOCCOCCO,0.2,0.2,0.6,0.03379
*CCC(=O)OCCOCCOCCOC(=O)CCN(*)CCN(C)C,*CCC(=O)OCCOCCOCCOC(=O)CCN(*)CCC1CCCCC1,*CCC(=O)OCCOCCOCCOC(=O)CCN(*)C(C)C(N)=O,0.4,0.4,0.2,0.07104
*CCC(=O)OCCOCCOCCOC(=O)CCN(*)CCCN(CC)CC,*CCC(=O)OCCOCCOCCOC(=O)CCN(*)CCC1CCCCC1,*CCC(=O)OCCOCCOCCOC(=O)CCN(*)C(C)C(N)=O,0.2,0.6,0.2,0.18766
*CCC(=O)OCCOCCOCCOC(=O)CCN(*)CCCN(CCCC)CCCC,*CCC(=O)OCCOCCOCCOC(=O)CCN(*)CCCc1ccccc1,*CCC(=O)OCCOCCOCCOC(=O)CCN(*)CC(O)CO,0.2,0.6,0.2,0.03336
*CCC(=O)OCCOCCOCCOC(=O)CCN(*)CCN1CCCC1,*CCC(=O)OCCOCCOCCOC(=O)CCN(*)CCCOC,*CCC(=O)OCCOCCOCCOC(=O)CCN(*)C(C)C(N)=O,0.2,0.2,0.6,0.02488
*CCC(=O)OCCOCCOCCOC(=O)CCN(*)CCN1CCCC1,*CCC(=O)OCCOCCOCCOC(=O)CCN(*)CCCOC,*CCC(=O)OCCOCCOCCOC(=O)CCN(*)C(C)C(N)=O,0.2,0.4,0.4,0.02747
*CCC(=O)OCCOCCOCCOC(=O)CCN(*)CCN1CCCC1,*CCC(=O)OCCOCCOCCOC(=O)CCN(*)CCCOC,*CCC(=O)OCCOCCOCCOC(=O)CCN(*)C(C)C(N)=O,0.2,0.6,0.2,0.01481
*CCC(=O)OCCOCCOCCOC(=O)CCN(*)CCN1CCCC1,*CCC(=O)OCCOCCOCCOC(=O)CCN(*)CCCOC,*CCC(=O)OCCOCCOCCOC(=O)CCN(*)C(C)C(N)=O,0.4,0.2,0.4,0.01884
*CCC(=O)OCCOCCOCCOC(=O)CCN(*)CCN1CCCC1,*CCC(=O)OCCOCCOCCOC(=O)CCN(*)CCCOC,*CCC(=O)OCCOCCOCCOC(=O)CCN(*)C(C)C(N)=O,0.4,0.4,0.2,0.02531
*CCC(=O)OCCOCCOCCOC(=O)CCN(*)CCN1CCCC1,*CCC(=O)OCCOCCOCCOC(=O)CCN(*)CCCOC,*CCC(=O)OCCOCCOCCOC(=O)CCN(*)C(C)C(N)=O,0.6,0.1,0.3,0.02632
*CCC(=O)OCCOCCOCCOC(=O)CCN(*)CCN1CCCC1,*CCC(=O)OCCOCCOCCOC(=O)CCN(*)CCCOC,*CCC(=O)OCCOCCOCCOC(=O)CCN(*)C(C)C(N)=O,0.6,0.3,0.1,0.02675
*CCC(=O)OCCOCCOCCOC(=O)CCN(*)CCN1CCCC1,*CCC(=O)OCCOCCOCCOC(=O)CCN(*)CCCOC,*CCC(=O)OCCOCCOCCOC(=O)CCN(*)C(C)C(N)=O,0.8,0.1,0.1,0.02646
*CCC(=O)OCCOCCOCCOC(=O)CCN(*)CCN1CCCCC1,*CCC(=O)OCCOCCOCCOC(=O)CCN(*)Cc1ccccc1,*CCC(=O)OCCOCCOCCOC(=O)CCN(*)C(C)C(N)=O,0.2,0.2,0.6,0.02445
*CCC(=O)OCCOCCOCCOC(=O)CCN(*)CCCN1CCN(C)CC1,*CCC(=O)OCCOCCOCCOC(=O)CCN(*)Cc1ccc(OC)cc1,*CCC(=O)OCCOCCOCCOC(=O)CCN(*)CCOCCOCCO,0.2,0.2,0.6,0.02301
*CCC(=O)OCCOCCOCCOC(=O)CCN(*)Cc1ccncc1,*CCC(=O)OCCOCCOCCOC(=O)CCN(*)Cc1ccccc1,*CCC(=O)OCCOCCOCCOC(=O)CCN(*)CCOCCOCCO,0.8,0.1,0.1,0.052062475
*CCC(=O)OCCOCCOCCOC(=O)CCN(*)Cc1ccncc1,*CCC(=O)OCCOCCOCCOC(=O)CCN(*)Cc1ccc(OC)cc1,*CCC(=O)OCCOCCOCCOC(=O)CCN(*)CCOCCOCCO,0.8,0.1,0.1,0.049259111
*CCC(=O)OCCOCCOCCOC(=O)CCN(*)Cc1ccncc1,*CCC(=O)OCCOCCOCCOC(=O)CCN(*)Cc1ccc(OC)cc1,*CCC(=O)OCCOCCOCCOC(=O)CCN(*)C(C)C(N)=O,0.2,0.2,0.6,0.049859832
*CCC(=O)OCCOCCOCCOC(=O)CCN(*)Cc1ccncc1,*CCC(=O)OCCOCCOCCOC(=O)CCN(*)CC(C)(C)O,*CCC(=O)OCCOCCOCCOC(=O)CCN(*)C(C)C(N)=O,0.4,0.4,0.2,0.02833
*CCC(=O)OCCOCCOCCOC(=O)CCN(*)CCc1cccnc1,*CCC(=O)OCCOCCOCCOC(=O)CCN(*)Cc1ccccc1,*CCC(=O)OCCOCCOCCOC(=O)CCN(*)CCOCCOCCOCCOCCOCCO,0.2,0.2,0.6,0.03437
*CCC(=O)OCCOCCOCCOC(=O)CCN(*)CCN1CCOCC1,*CCC(=O)OCCOCCOCCOC(=O)CCN(*)CCCc1ccccc1,*CCC(=O)OCCOCCOCCOC(=O)CCN(*)CCOCCOCCOCCOCCOCCO,0.2,0.6,0.2,0.04456964
*CCC(=O)OCCOCCOCCOC(=O)CCN(*)CCN1CCOCC1,*CCC(=O)OCCOCCOCCOC(=O)CCN(*)CCC(OCC)OCC,*CCC(=O)OCCOCCOCCOC(=O)CCN(*)CC(O)CO,0.2,0.6,0.2,0.033176839
*CCC(=O)OCCOCCOCCOC(=O)CCN(*)CCN,*CCC(=O)OCCOCCOCCOC(=O)CCN(*)CC(CC)CCCC,*CCC(=O)OCCOCCOCCOC(=O)CCN(*)CCOCCOCCOCCOCCOCCO,0.8,0.1,0.1,0.03913137
*CCC(=O)OCCOCCOCCOC(=O)CCN(*)CCN,*CCC(=O)OCCOCCOCCOC(=O)CCN(*)CC(C)(C)O,*CCC(=O)OCCOCCOCCOC(=O)CCN(*)CCOCCOCCOCCOCCOCCO,0.8,0.1,0.1,0.029456031
*CCC(=O)OCCOCCOCCOC(=O)CCN(*)CCN,*CCC(=O)OCCOCCOCCOC(=O)CCN(*)CC(F)(F)C(F)(F)C(F)(F)F,*CCC(=O)OCCOCCOCCOC(=O)CCN(*)CCOCCOCCOCCOCCOCCO,0.8,0.1,0.1,0.028596001
*CCC(=O)OCCOCCOCCOC(=O)CCN(*)CC(C)(C)CN,*CCC(=O)OCCOCCOCCOC(=O)CCN(*)CC1CCCC1,*CCC(=O)OCCOCCOCCOC(=O)CCN(*)CCOCCOCCOCCOCCOCCO,0.4,0.4,0.2,0.155367762
*CCC(=O)OCCOCCOCCOC(=O)CCN(*)CC(C)(C)CN,*CCC(=O)OCCOCCOCCOC(=O)CCN(*)CCC(C)C,*CCC(=O)OCCOCCOCCOC(=O)CCN(*)CCOCCOCCOCCOCCOCCO,0.4,0.4,0.2,0.099780908
*CCC(=O)OCCOCCOCCOC(=O)CCN(*)CC(C)(C)CN,*CCC(=O)OCCOCCOCCOC(=O)CCN(*)CCC(OCC)OCC,*CCC(=O)OCCOCCOCCOC(=O)CCN(*)C(C)C(N)=O,0.2,0.2,0.6,0.190172144
*CCC(=O)OCCOCCOCCOC(=O)CCN(*)CCCCCN,*CCC(=O)OCCOCCOCCOC(=O)CCN(*)CC(CC)CCCC,*CCC(=O)OCCOCCOCCOC(=O)CCN(*)CCOCCOCCOCCO,0.4,0.4,0.2,0.380093897
*CCC(=O)OCCOCCOCCOC(=O)CCN(*)CCCCCN,*CCC(=O)OCCOCCOCCOC(=O)CCN(*)CCC(OCC)OCC,*CCC(=O)OCCOCCOCCOC(=O)CCN(*)CC(C)(C)C(N)=O,0.2,0.2,0.6,0.008888889
*CCC(=O)OCCOCCOCCOC(=O)CCN(*)CCCCCCCCN,*CCC(=O)OCCOCCOCCOC(=O)CCN(*)CCCCCC,*CCC(=O)OCCOCCOCCOC(=O)CCN(*)CCOCCOCCOCCO,0.4,0.4,0.2,0.12056338
*CCC(=O)OCCOCCOCCOC(=O)CCN(*)CCCCCCCCN,*CCC(=O)OCCOCCOCCOC(=O)CCN(*)CCCOC,*CCC(=O)OCCOCCOCCOC(=O)CCN(*)CCOCCOCCOCCOCCOCCO,0.2,0.6,0.2,0.044068858
*CCC(=O)OCCOCCOCCOC(=O)CCN(*)CCCCCCCCN,*CCC(=O)OCCOCCOCCOC(=O)CCN(*)CC(F)(F)C(F)(F)C(F)(F)F,*CCC(=O)OCCOCCOCCOC(=O)CCN(*)CCOCCOCCO,0.2,0.6,0.2,0.086635368
*CCC(=O)OCCOCCOCCOC(=O)CCN(*)CCOCCOCCN,*CCC(=O)OCCOCCOCCOC(=O)CCN(*)CCCc1ccccc1,*CCC(=O)OCCOCCOCCOC(=O)CCN(*)CC(O)CO,0.4,0.4,0.2,0.027918623
*CCC(=O)OCCOCCOCCOC(=O)CCN(*)CCOCCOCCN,*CCC(=O)OCCOCCOCCOC(=O)CCN(*)CCCCc1ccccc1,*CCC(=O)OCCOCCOCCOC(=O)CCN(*)CCOCCOCCOCCO,0.4,0.4,0.2,0.04143975
*CCC(=O)OCCOCCOCCOC(=O)CCN(*)CCOCCOCCOCCOCCN,*CCC(=O)OCCOCCOCCOC(=O)CCN(*)CCCOC,*CCC(=O)OCCOCCOCCOC(=O)CCN(*)CC(C)(C)C(N)=O,0.4,0.4,0.2,0.234491393
*CCC(=O)OCC(C)OCC(C)OCC(C)OC(=O)CCN(*)CCCN1CCN(C)CC1,*CCC(=O)OCC(C)OCC(C)OCC(C)OC(=O)CCN(*)CCCCCCCC,*CCC(=O)OCC(C)OCC(C)OCC(C)OC(=O)CCN(*)CC(C)(C)C(N)=O,0.2,0.6,0.2,0.49238
*CCC(=O)OCC(C)OCC(C)OCC(C)OC(=O)CCN(*)Cc1ccncc1,*CCC(=O)OCC(C)OCC(C)OCC(C)OC(=O)CCN(*)CC(CC)CCCC,*CCC(=O)OCC(C)OCC(C)OCC(C)OC(=O)CCN(*)CCOCCOCCOCCO,0.2,0.6,0.2,0.03494
*CCC(=O)OCC(C)OCC(C)OCC(C)OC(=O)CCN(*)CCc1cccnc1,*CCC(=O)OCC(C)OCC(C)OCC(C)OC(=O)CCN(*)CC1CCCC1,*CCC(=O)OCC(C)OCC(C)OCC(C)OC(=O)CCN(*)CCOCCOCCOCCO,0.2,0.6,0.2,0.03322
*CCC(=O)OCC(C)OCC(C)OCC(C)OC(=O)CCN(*)CCN1CCOCC1,*CCC(=O)OCC(C)OCC(C)OCC(C)OC(=O)CCN(*)Cc1ccc(OC)cc1,*CCC(=O)OCC(C)OCC(C)OCC(C)OC(=O)CCN(*)CC(C)(C)C(N)=O,0.4,0.4,0.2,0.086134585
*CCC(=O)OCC(C)OCC(C)OCC(C)OC(=O)CCN(*)CCN,*CCC(=O)OCC(C)OCC(C)OCC(C)OC(=O)CCN(*)CCCCCCCCCC,*CCC(=O)OCC(C)OCC(C)OCC(C)OC(=O)CCN(*)CCOCCOCCO,0.2,0.6,0.2,0.219092332
*CCC(=O)OCC(C)OCC(C)OCC(C)OC(=O)CCN(*)CCN,*CCC(=O)OCC(C)OCC(C)OCC(C)OC(=O)CCN(*)CC(CC)CCCC,*CCC(=O)OCC(C)OCC(C)OCC(C)OC(=O)CCN(*)CCOCCOCCOCCOCCOCCO,0.8,0.1,0.1,0.06600731
*CCC(=O)OCC(C)OCC(C)OCC(C)OC(=O)CCN(*)CCN,*CCC(=O)OCC(C)OCC(C)OCC(C)OC(=O)CCN(*)CC(F)(F)C(F)(F)C(F)(F)F,*CCC(=O)OCC(C)OCC(C)OCC(C)OC(=O)CCN(*)CCOCCOCCOCCOCCOCCO,0.8,0.1,0.1,0.032466136
*CCC(=O)OCC(C)OCC(C)OCC(C)OC(=O)CCN(*)CC(C)(C)CN,*CCC(=O)OCC(C)OCC(C)OCC(C)OC(=O)CCN(*)CCC1CCCCC1,*CCC(=O)OCC(C)OCC(C)OCC(C)OC(=O)CCN(*)CC(C)(C)C(N)=O,0.4,0.4,0.2,0.040938967
*CCC(=O)OCC(C)OCC(C)OCC(C)OC(=O)CCN(*)CC(C)(C)CN,*CCC(=O)OCC(C)OCC(C)OCC(C)OC(=O)CCN(*)CCCOC,*CCC(=O)OCC(C)OCC(C)OCC(C)OC(=O)CCN(*)CCOCCOCCO,0.4,0.4,0.2,0.035805947
*CCC(=O)OCC(C)OCC(C)OCC(C)OC(=O)CCN(*)CCOCCOCCOCCOCCN,*CCC(=O)OCC(C)OCC(C)OCC(C)OC(=O)CCN(*)CCCCCCCCCC,*CCC(=O)OCC(C)OCC(C)OCC(C)OC(=O)CCN(*)C(C)C(N)=O,0.2,0.6,0.2,0.08
*CCC(=O)OCC(C)OCC(C)OCC(C)OC(=O)CCN(*)CCOCCOCCOCCOCCN,*CCC(=O)OCC(C)OCC(C)OCC(C)OC(=O)CCN(*)CCC(C)C,*CCC(=O)OCC(C)OCC(C)OCC(C)OC(=O)CCN(*)CCOCCOCCOCCO,0.4,0.4,0.2,0.059843505
*CCC(=O)OCC(C)OCC(C)OCC(C)OC(=O)CCN(*)Cc1cccc(CN)c1,*CCC(=O)OCC(C)OCC(C)OCC(C)OC(=O)CCN(*)CCC1CCCCC1,*CCC(=O)OCC(C)OCC(C)OCC(C)OC(=O)CCN(*)CCOCCOCCOCCOCCOCCO,0.2,0.2,0.6,0.114929578
*CCC(=O)OCC(C)OCC(C)OCC(C)OC(=O)CCN(*)Cc1cccc(CN)c1,*CCC(=O)OCC(C)OCC(C)OCC(C)OC(=O)CCN(*)CCCc1ccccc1,*CCC(=O)OCC(C)OCC(C)OCC(C)OC(=O)CCN(*)CCOCCOCCO,0.2,0.2,0.6,0.077496088
*CCC(=O)OCc1cccc(COC(=O)CCN(*)CCN(C)C)c1,*CCC(=O)OCc1cccc(COC(=O)CCN(*)CC2CCCC2)c1,*CCC(=O)OCc1cccc(COC(=O)CCN(*)CCOCCOCCOCCOCCOCCO)c1,0.4,0.4,0.2,0.62396
*CCC(=O)OCc1cccc(COC(=O)CCN(*)CCN(C)C)c1,*CCC(=O)OCc1cccc(COC(=O)CCN(*)CC(C)(C)O)c1,*CCC(=O)OCc1cccc(COC(=O)CCN(*)CCOCCOCCOCCOCCOCCO)c1,0.6,0.3,0.1,0.592339864
*CCC(=O)OCc1cccc(COC(=O)CCN(*)CCN(C)C)c1,*CCC(=O)OCc1cccc(COC(=O)CCN(*)CC(C)(C)O)c1,*CCC(=O)OCc1cccc(COC(=O)CCN(*)CCOCCOCCOCCOCCOCCO)c1,0.8,0.1,0.1,1.026194145
*CCC(=O)OCc1cccc(COC(=O)CCN(*)CCCN(CC)CC)c1,*CCC(=O)OCc1cccc(COC(=O)CCN(*)CCCCCCCC)c1,*CCC(=O)OCc1cccc(COC(=O)CCN(*)CCOCCOCCOCCO)c1,0.2,0.2,0.6,0.19643
*CCC(=O)OCc1cccc(COC(=O)CCN(*)CCCN(CC)CC)c1,*CCC(=O)OCc1cccc(COC(=O)CCN(*)Cc2ccccc2)c1,*CCC(=O)OCc1cccc(COC(=O)CCN(*)C(C)C(N)=O)c1,0.4,0.4,0.2,0.40696
*CCC(=O)OCc1cccc(COC(=O)CCN(*)CCCN(CC)CC)c1,*CCC(=O)OCc1cccc(COC(=O)CCN(*)Cc2ccc(OC)cc2)c1,*CCC(=O)OCc1cccc(COC(=O)CCN(*)CC(O)CO)c1,0.4,0.4,0.2,0.18493
*CCC(=O)OCc1cccc(COC(=O)CCN(*)CCCN(CC)CC)c1,*CCC(=O)OCc1cccc(COC(=O)CCN(*)CC(C)(C)O)c1,*CCC(=O)OCc1cccc(COC(=O)CCN(*)CCOCCOCCOCCOCCOCCO)c1,0.8,0.1,0.1,0.832049307
*CCC(=O)OCc1cccc(COC(=O)CCN(*)CCN2CCCC2)c1,*CCC(=O)OCc1cccc(COC(=O)CCN(*)CCCCCCCC)c1,*CCC(=O)OCc1cccc(COC(=O)CCN(*)CCOCCOCCOCCOCCOCCO)c1,0.8,0.1,0.1,0.777467211
*CCC(=O)OCc1cccc(COC(=O)CCN(*)CCN2CCCC2)c1,*CCC(=O)OCc1cccc(COC(=O)CCN(*)CC2CCCC2)c1,*CCC(=O)OCc1cccc(COC(=O)CCN(*)CC(C)(C)C(N)=O)c1,0.2,0.2,0.6,0.03322
*CCC(=O)OCc1cccc(COC(=O)CCN(*)CCN2CCCC2)c1,*CCC(=O)OCc1cccc(COC(=O)CCN(*)CC(C)(C)O)c1,*CCC(=O)OCc1cccc(COC(=O)CCN(*)CCOCCOCCOCCOCCOCCO)c1,0.6,0.3,0.1,0.427030597
*CCC(=O)OCc1cccc(COC(=O)CCN(*)CCN2CCCC2)c1,*CCC(=O)OCc1cccc(COC(=O)CCN(*)CC(C)(C)O)c1,*CCC(=O)OCc1cccc(COC(=O)CCN(*)CCOCCOCCOCCOCCOCCO)c1,0.8,0.1,0.1,0.628879595
*CCC(=O)OCc1cccc(COC(=O)CCN(*)CCN2CCCC2)c1,*CCC(=O)OCc1cccc(COC(=O)CCN(*)CCCOC)c1,*CCC(=O)OCc1cccc(COC(=O)CCN(*)CC(O)CO)c1,0.2,0.2,0.6,0.0256
*CCC(=O)OCc1cccc(COC(=O)CCN(*)CCN2CCCC2)c1,*CCC(=O)OCc1cccc(COC(=O)CCN(*)CC(F)(F)C(F)(F)C(F)(F)F)c1,*CCC(=O)OCc1cccc(COC(=O)CCN(*)CC(O)CO)c1,0.2,0.6,0.2,0.03379
*CCC(=O)OCc1cccc(COC(=O)CCN(*)CCN2CCCCC2)c1,*CCC(=O)OCc1cccc(COC(=O)CCN(*)CCCCCC)c1,*CCC(=O)OCc1cccc(COC(=O)CCN(*)CCOCCOCCO)c1,0.2,0.6,0.2,0.11691
*CCC(=O)OCc1cccc(COC(=O)CCN(*)CCN2CCCCC2)c1,*CCC(=O)OCc1cccc(COC(=O)CCN(*)CCCCCCCC)c1,*CCC(=O)OCc1cccc(COC(=O)CCN(*)CCOCCOCCOCCOCCOCCO)c1,0.8,0.1,0.1,1.012470436
*CCC(=O)OCc1cccc(COC(=O)CCN(*)CCN2CCCCC2)c1,*CCC(=O)OCc1cccc(COC(=O)CCN(*)CC(C)(C)O)c1,*CCC(=O)OCc1cccc(COC(=O)CCN(*)CCOCCOCCOCCOCCOCCO)c1,0.6,0.3,0.1,0.944970284
*CCC(=O)OCc1cccc(COC(=O)CCN(*)CCN2CCCCC2)c1,*CCC(=O)OCc1cccc(COC(=O)CCN(*)CC(C)(C)O)c1,*CCC(=O)OCc1cccc(COC(=O)CCN(*)CCOCCOCCOCCOCCOCCO)c1,0.8,0.1,0.1,0.863470221
*CCC(=O)OCc1cccc(COC(=O)CCN(*)CCCN2CCN(C)CC2)c1,*CCC(=O)OCc1cccc(COC(=O)CCN(*)CCCCCCCC)c1,*CCC(=O)OCc1cccc(COC(=O)CCN(*)CCOCCOCCOCCO)c1,0.2,0.6,0.2,0.01668
*CCC(=O)OCc1cccc(COC(=O)CCN(*)CCc2cccnc2)c1,*CCC(=O)OCc1cccc(COC(=O)CCN(*)CCC(C)C)c1,*CCC(=O)OCc1cccc(COC(=O)CCN(*)CC(O)CO)c1,0.2,0.6,0.2,0.02833
*CCC(=O)OCc1cccc(COC(=O)CCN(*)CCc2cccnc2)c1,*CCC(=O)OCc1cccc(COC(=O)CCN(*)CC(C)(C)O)c1,*CCC(=O)OCc1cccc(COC(=O)CCN(*)CC(O)CO)c1,0.2,0.2,0.6,0.0256
*CCC(=O)OCc1cccc(COC(=O)CCN(*)CCN2CCOCC2)c1,*CCC(=O)OCc1cccc(COC(=O)CCN(*)Cc2ccccc2)c1,*CCC(=O)OCc1cccc(COC(=O)CCN(*)CCOCCOCCOCCOCCOCCO)c1,0.2,0.2,0.6,0.016901408
*CCC(=O)OCc1cccc(COC(=O)CCN(*)CCN2CCOCC2)c1,*CCC(=O)OCc1cccc(COC(=O)CCN(*)CCC(OCC)OCC)c1,*CCC(=O)OCc1cccc(COC(=O)CCN(*)CC(O)CO)c1,0.2,0.2,0.6,0.011643192
*CCC(=O)OCc1cccc(COC(=O)CCN(*)CCN2CCOCC2)c1,*CCC(=O)OCc1cccc(COC(=O)CCN(*)CCC(OCC)OCC)c1,*CCC(=O)OCc1cccc(COC(=O)CCN(*)CC(C)(C)C(N)=O)c1,0.2,0.2,0.6,0.291205008
*CCC(=O)OCc1cccc(COC(=O)CCN(*)CCN)c1,*CCC(=O)OCc1cccc(COC(=O)CCN(*)CCCCCCCC)c1,*CCC(=O)OCc1cccc(COC(=O)CCN(*)CCOCCOCCOCCOCCOCCO)c1,0.8,0.1,0.1,0.610621372
*CCC(=O)OCc1cccc(COC(=O)CCN(*)CCN)c1,*CCC(=O)OCc1cccc(COC(=O)CCN(*)CCCCCCCC)c1,*CCC(=O)OCc1cccc(COC(=O)CCN(*)CC(C)(C)C(N)=O)c1,0.8,0.1,0.1,0.599823905
*CCC(=O)OCc1cccc(COC(=O)CCN(*)CCN)c1,*CCC(=O)OCc1cccc(COC(=O)CCN(*)CCCCCCCC)c1,*CCC(=O)OCc1cccc(COC(=O)CCN(*)C(C)C(N)=O)c1,0.8,0.1,0.1,0.696456086
*CCC(=O)OCc1cccc(COC(=O)CCN(*)CCN)c1,*CCC(=O)OCc1cccc(COC(=O)CCN(*)CCCCCCCCCC)c1,*CCC(=O)OCc1cccc(COC(=O)CCN(*)CC(C)(C)C(N)=O)c1,0.6,0.3,0.1,0.800760913
*CCC(=O)OCc1cccc(COC(=O)CCN(*)CCN)c1,*CCC(=O)OCc1cccc(COC(=O)CCN(*)CCCCCCCCCC)c1,*CCC(=O)OCc1cccc(COC(=O)CCN(*)CC(C)(C)C(N)=O)c1,0.8,0.1,0.1,0.860632759
*CCC(=O)OCc1cccc(COC(=O)CCN(*)CCN)c1,*CCC(=O)OCc1cccc(COC(=O)CCN(*)CC(CC)CCCC)c1,*CCC(=O)OCc1cccc(COC(=O)CCN(*)CCOCCOCCOCCOCCOCCO)c1,0.8,0.1,0.1,0.463341217
*CCC(=O)OCc1cccc(COC(=O)CCN(*)CCN)c1,*CCC(=O)OCc1cccc(COC(=O)CCN(*)CC(CC)CCCC)c1,*CCC(=O)OCc1cccc(COC(=O)CCN(*)CC(C)(C)C(N)=O)c1,0.6,0.3,0.1,0.356
*CCC(=O)OCc1cccc(COC(=O)CCN(*)CCN)c1,*CCC(=O)OCc1cccc(COC(=O)CCN(*)CC(CC)CCCC)c1,*CCC(=O)OCc1cccc(COC(=O)CCN(*)CC(C)(C)C(N)=O)c1,0.8,0.1,0.1,0.447645668
*CCC(=O)OCc1cccc(COC(=O)CCN(*)CCN)c1,*CCC(=O)OCc1cccc(COC(=O)CCN(*)CC(CC)CCCC)c1,*CCC(=O)OCc1cccc(COC(=O)CCN(*)C(C)C(N)=O)c1,0.8,0.1,0.1,0.778780541
*CCC(=O)OCc1cccc(COC(=O)CCN(*)CCN)c1,*CCC(=O)OCc1cccc(COC(=O)CCN(*)CC(C)(C)O)c1,*CCC(=O)OCc1cccc(COC(=O)CCN(*)CCOCCOCCOCCOCCOCCO)c1,0.6,0.1,0.3,0.134
*CCC(=O)OCc1cccc(COC(=O)CCN(*)CCN)c1,*CCC(=O)OCc1cccc(COC(=O)CCN(*)CC(C)(C)O)c1,*CCC(=O)OCc1cccc(COC(=O)CCN(*)CCOCCOCCOCCOCCOCCO)c1,0.6,0.3,0.1,0.545623836
*CCC(=O)OCc1cccc(COC(=O)CCN(*)CCN)c1,*CCC(=O)OCc1cccc(COC(=O)CCN(*)CC(C)(C)O)c1,*CCC(=O)OCc1cccc(COC(=O)CCN(*)CCOCCOCCOCCOCCOCCO)c1,0.8,0.1,0.1,0.613536243
*CCC(=O)OCc1cccc(COC(=O)CCN(*)CCN)c1,*CCC(=O)OCc1cccc(COC(=O)CCN(*)CC(C)(C)O)c1,*CCC(=O)OCc1cccc(COC(=O)CCN(*)CC(C)(C)C(N)=O)c1,0.6,0.3,0.1,0.379
*CCC(=O)OCc1cccc(COC(=O)CCN(*)CCN)c1,*CCC(=O)OCc1cccc(COC(=O)CCN(*)CC(C)(C)O)c1,*CCC(=O)OCc1cccc(COC(=O)CCN(*)CC(C)(C)C(N)=O)c1,0.8,0.1,0.1,0.67380857
*CCC(=O)OCc1cccc(COC(=O)CCN(*)CCN)c1,*CCC(=O)OCc1cccc(COC(=O)CCN(*)CC(C)(C)O)c1,*CCC(=O)OCc1cccc(COC(=O)CCN(*)C(C)C(N)=O)c1,0.8,0.1,0.1,0.151
*CCC(=O)OCc1cccc(COC(=O)CCN(*)CCN)c1,*CCC(=O)OCc1cccc(COC(=O)CCN(*)CC(F)(F)C(F)(F)C(F)(F)F)c1,*CCC(=O)OCc1cccc(COC(=O)CCN(*)CCOCCOCCOCCO)c1,0.8,0.1,0.1,0.177
*CCC(=O)OCc1cccc(COC(=O)CCN(*)CCN)c1,*CCC(=O)OCc1cccc(COC(=O)CCN(*)CC(F)(F)C(F)(F)C(F)(F)F)c1,*CCC(=O)OCc1cccc(COC(=O)CCN(*)CCOCCOCCOCCOCCOCCO)c1,0.4,0.4,0.2,0.15
*CCC(=O)OCc1cccc(COC(=O)CCN(*)CCN)c1,*CCC(=O)OCc1cccc(COC(=O)CCN(*)CC(F)(F)C(F)(F)C(F)(F)F)c1,*CCC(=O)OCc1cccc(COC(=O)CCN(*)CCOCCOCCOCCOCCOCCO)c1,0.6,0.1,0.3,0.181
*CCC(=O)OCc1cccc(COC(=O)CCN(*)CCN)c1,*CCC(=O)OCc1cccc(COC(=O)CCN(*)CC(F)(F)C(F)(F)C(F)(F)F)c1,*CCC(=O)OCc1cccc(COC(=O)CCN(*)CCOCCOCCOCCOCCOCCO)c1,0.6,0.3,0.1,0.523428114
*CCC(=O)OCc1cccc(COC(=O)CCN(*)CCN)c1,*CCC(=O)OCc1cccc(COC(=O)CCN(*)CC(F)(F)C(F)(F)C(F)(F)F)c1,*CCC(=O)OCc1cccc(COC(=O)CCN(*)CCOCCOCCOCCOCCOCCO)c1,0.8,0.1,0.1,0.31978374
*CCC(=O)OCc1cccc(COC(=O)CCN(*)CCN)c1,*CCC(=O)OCc1cccc(COC(=O)CCN(*)CC(F)(F)C(F)(F)C(F)(F)F)c1,*CCC(=O)OCc1cccc(COC(=O)CCN(*)CC(C)(C)C(N)=O)c1,0.2,0.2,0.6,0.068802408
*CCC(=O)OCc1cccc(COC(=O)CCN(*)CCN)c1,*CCC(=O)OCc1cccc(COC(=O)CCN(*)CC(F)(F)C(F)(F)C(F)(F)F)c1,*CCC(=O)OCc1cccc(COC(=O)CCN(*)CC(C)(C)C(N)=O)c1,0.2,0.6,0.2,0.06485133
*CCC(=O)OCc1cccc(COC(=O)CCN(*)CCN)c1,*CCC(=O)OCc1cccc(COC(=O)CCN(*)CC(F)(F)C(F)(F)C(F)(F)F)c1,*CCC(=O)OCc1cccc(COC(=O)CCN(*)CC(C)(C)C(N)=O)c1,0.4,0.2,0.4,0.085357988
*CCC(=O)OCc1cccc(COC(=O)CCN(*)CCN)c1,*CCC(=O)OCc1cccc(COC(=O)CCN(*)CC(F)(F)C(F)(F)C(F)(F)F)c1,*CCC(=O)OCc1cccc(COC(=O)CCN(*)CC(C)(C)C(N)=O)c1,0.4,0.4,0.2,0.689026832
*CCC(=O)OCc1cccc(COC(=O)CCN(*)CCN)c1,*CCC(=O)OCc1cccc(COC(=O)CCN(*)CC(F)(F)C(F)(F)C(F)(F)F)c1,*CCC(=O)OCc1cccc(COC(=O)CCN(*)CC(C)(C)C(N)=O)c1,0.6,0.1,0.3,0.099978499
*CCC(=O)OCc1cccc(COC(=O)CCN(*)CCN)c1,*CCC(=O)OCc1cccc(COC(=O)CCN(*)CC(F)(F)C(F)(F)C(F)(F)F)c1,*CCC(=O)OCc1cccc(COC(=O)CCN(*)CC(C)(C)C(N)=O)c1,0.6,0.3,0.1,0.55526632
*CCC(=O)OCc1cccc(COC(=O)CCN(*)CCN)c1,*CCC(=O)OCc1cccc(COC(=O)CCN(*)CC(F)(F)C(F)(F)C(F)(F)F)c1,*CCC(=O)OCc1cccc(COC(=O)CCN(*)CC(C)(C)C(N)=O)c1,0.8,0.1,0.1,0.357829395
*CCC(=O)OCc1cccc(COC(=O)CCN(*)CCN)c1,*CCC(=O)OCc1cccc(COC(=O)CCN(*)CC(F)(F)C(F)(F)C(F)(F)F)c1,*CCC(=O)OCc1cccc(COC(=O)CCN(*)C(C)C(N)=O)c1,0.4,0.4,0.2,0.115
*CCC(=O)OCc1cccc(COC(=O)CCN(*)CCN)c1,*CCC(=O)OCc1cccc(COC(=O)CCN(*)CC(F)(F)C(F)(F)C(F)(F)F)c1,*CCC(=O)OCc1cccc(COC(=O)CCN(*)C(C)C(N)=O)c1,0.6,0.1,0.3,0.270966322
*CCC(=O)OCc1cccc(COC(=O)CCN(*)CCN)c1,*CCC(=O)OCc1cccc(COC(=O)CCN(*)CC(F)(F)C(F)(F)C(F)(F)F)c1,*CCC(=O)OCc1cccc(COC(=O)CCN(*)C(C)C(N)=O)c1,0.6,0.3,0.1,0.298261061
*CCC(=O)OCc1cccc(COC(=O)CCN(*)CCN)c1,*CCC(=O)OCc1cccc(COC(=O)CCN(*)CC(F)(F)C(F)(F)C(F)(F)F)c1,*CCC(=O)OCc1cccc(COC(=O)CCN(*)C(C)C(N)=O)c1,0.8,0.1,0.1,0.562403698
*CCC(=O)OCc1cccc(COC(=O)CCN(*)CC(C)(C)CN)c1,*CCC(=O)OCc1cccc(COC(=O)CCN(*)CCCCCCCC)c1,*CCC(=O)OCc1cccc(COC(=O)CCN(*)CCOCCOCCOCCO)c1,0.4,0.4,0.2,0.056463224
*CCC(=O)OCc1cccc(COC(=O)CCN(*)CC(C)(C)CN)c1,*CCC(=O)OCc1cccc(COC(=O)CCN(*)CC(CC)CCCC)c1,*CCC(=O)OCc1cccc(COC(=O)CCN(*)CCOCCOCCOCCOCCOCCO)c1,0.4,0.4,0.2,0.607449139
*CCC(=O)OCc1cccc(COC(=O)CCN(*)CC(C)(C)CN)c1,*CCC(=O)OCc1cccc(COC(=O)CCN(*)CC(C)(C)O)c1,*CCC(=O)OCc1cccc(COC(=O)CCN(*)CCOCCOCCOCCOCCOCCO)c1,0.8,0.1,0.1,0.049451731
*CCC(=O)OCc1cccc(COC(=O)CCN(*)CCCCCN)c1,*CCC(=O)OCc1cccc(COC(=O)CCN(*)CC(CC)CCCC)c1,*CCC(=O)OCc1cccc(COC(=O)CCN(*)CCOCCOCCOCCOCCOCCO)c1,0.8,0.1,0.1,0.412814449
*CCC(=O)OCc1cccc(COC(=O)CCN(*)CCCCCN)c1,*CCC(=O)OCc1cccc(COC(=O)CCN(*)CCC(OCC)OCC)c1,*CCC(=O)OCc1cccc(COC(=O)CCN(*)C(C)C(N)=O)c1,0.2,0.2,0.6,0.066103286
*CCC(=O)OCc1cccc(COC(=O)CCN(*)CCCCCN)c1,*CCC(=O)OCc1cccc(COC(=O)CCN(*)CC(C)(C)O)c1,*CCC(=O)OCc1cccc(COC(=O)CCN(*)CCOCCOCCO)c1,0.6,0.3,0.1,0.332712601
*CCC(=O)OCc1cccc(COC(=O)CCN(*)CCCCCN)c1,*CCC(=O)OCc1cccc(COC(=O)CCN(*)CC(C)(C)O)c1,*CCC(=O)OCc1cccc(COC(=O)CCN(*)CCOCCOCCOCCO)c1,0.6,0.3,0.1,0.387130147
*CCC(=O)OCc1cccc(COC(=O)CCN(*)CCCCCN)c1,*CCC(=O)OCc1cccc(COC(=O)CCN(*)CC(C)(C)O)c1,*CCC(=O)OCc1cccc(COC(=O)CCN(*)CCOCCOCCOCCOCCOCCO)c1,0.2,0.2,0.6,0.007172018
*CCC(=O)OCc1cccc(COC(=O)CCN(*)CCCCCN)c1,*CCC(=O)OCc1cccc(COC(=O)CCN(*)CC(C)(C)O)c1,*CCC(=O)OCc1cccc(COC(=O)CCN(*)CCOCCOCCOCCOCCOCCO)c1,0.2,0.4,0.4,0.015447424
*CCC(=O)OCc1cccc(COC(=O)CCN(*)CCCCCN)c1,*CCC(=O)OCc1cccc(COC(=O)CCN(*)CC(C)(C)O)c1,*CCC(=O)OCc1cccc(COC(=O)CCN(*)CCOCCOCCOCCOCCOCCO)c1,0.2,0.6,0.2,0.103387399
*CCC(=O)OCc1cccc(COC(=O)CCN(*)CCCCCN)c1,*CCC(=O)OCc1cccc(COC(=O)CCN(*)CC(C)(C)O)c1,*CCC(=O)OCc1cccc(COC(=O)CCN(*)CCOCCOCCOCCOCCOCCO)c1,0.4,0.2,0.4,0.031887896
*CCC(=O)OCc1cccc(COC(=O)CCN(*)CCCCCN)c1,*CCC(=O)OCc1cccc(COC(=O)CCN(*)CC(C)(C)O)c1,*CCC(=O)OCc1cccc(COC(=O)CCN(*)CCOCCOCCOCCOCCOCCO)c1,0.4,0.4,0.2,0.130751407
*CCC(=O)OCc1cccc(COC(=O)CCN(*)CCCCCN)c1,*CCC(=O)OCc1cccc(COC(=O)CCN(*)CC(C)(C)O)c1,*CCC(=O)OCc1cccc(COC(=O)CCN(*)CCOCCOCCOCCOCCOCCO)c1,0.6,0.1,0.3,0.086284895
*CCC(=O)OCc1cccc(COC(=O)CCN(*)CCCCCN)c1,*CCC(=O)OCc1cccc(COC(=O)CCN(*)CC(C)(C)O)c1,*CCC(=O)OCc1cccc(COC(=O)CCN(*)CCOCCOCCOCCOCCOCCO)c1,0.6,0.3,0.1,0.418073486
*CCC(=O)OCc1cccc(COC(=O)CCN(*)CCCCCN)c1,*CCC(=O)OCc1cccc(COC(=O)CCN(*)CC(C)(C)O)c1,*CCC(=O)OCc1cccc(COC(=O)CCN(*)CCOCCOCCOCCOCCOCCO)c1,0.8,0.1,0.1,0.213615801
*CCC(=O)OCc1cccc(COC(=O)CCN(*)CCCCCN)c1,*CCC(=O)OCc1cccc(COC(=O)CCN(*)CC(F)(F)C(F)(F)C(F)(F)F)c1,*CCC(=O)OCc1cccc(COC(=O)CCN(*)CCOCCOCCOCCOCCOCCO)c1,0.8,0.1,0.1,0.238443346
*CCC(=O)OCc1cccc(COC(=O)CCN(*)CCCCCCCCN)c1,*CCC(=O)OCc1cccc(COC(=O)CCN(*)Cc2ccc(OC)cc2)c1,*CCC(=O)OCc1cccc(COC(=O)CCN(*)CCOCCOCCOCCOCCOCCO)c1,0.4,0.4,0.2,0.432676056
*CCC(=O)OCc1cccc(COC(=O)CCN(*)CCOCCOCCN)c1,*CCC(=O)OCc1cccc(COC(=O)CCN(*)CCCCc2ccccc2)c1,*CCC(=O)OCc1cccc(COC(=O)CCN(*)C(C)C(N)=O)c1,0.2,0.2,0.6,0.013646322
*CCC(=O)OCc1cccc(COC(=O)CCN(*)CCOCCOCCOCCOCCN)c1,*CCC(=O)OCc1cccc(COC(=O)CCN(*)CCC(OCC)OCC)c1,*CCC(=O)OCc1cccc(COC(=O)CCN(*)CC(O)CO)c1,0.4,0.4,0.2,0.181533646
*CCC(=O)OCc1cccc(COC(=O)CCN(*)Cc2cccc(CN)c2)c1,*CCC(=O)OCc1cccc(COC(=O)CCN(*)CCCCCCCCCC)c1,*CCC(=O)OCc1cccc(COC(=O)CCN(*)CCOCCOCCOCCO)c1,0.2,0.6,0.2,0.866729265
